visit_id,vehicle_id,supplier_id,service_type_id,service_date,labor_cost,parts_cost,total_cost,SLA_met,duration_days,Index,Durration_Days
5,81,4,2,"2025-04-16 00:00:00,000",278,"673,56","951,77","Yes",5,5,"Yes"
7,158,19,2,"2024-12-05 00:00:00,000",233,"837,05","1069,78","Yes",4,7,"Yes"
8,111,19,2,"2024-01-25 00:00:00,000",259,"453,32","712,56","Yes",8,8,"Yes"
10,193,8,2,"2024-01-28 00:00:00,000",151,"215,15","366,24","Yes",4,10,"Yes"
15,153,11,2,"2024-04-19 00:00:00,000",326,"724,89","1050,58","Yes",9,15,"Yes"
17,197,17,2,"2025-04-25 00:00:00,000",332,"289,11","621,15","Yes",5,17,"Yes"
18,61,9,2,"2024-03-15 00:00:00,000",194,"549,35","743,22","Yes",4,18,"Yes"
21,196,19,2,"2024-12-05 00:00:00,000",265,"943,89","1208,53","Yes",7,21,"Yes"
25,13,9,2,"2024-09-02 00:00:00,000",197,"465,61","662,92","Yes",7,25,"Yes"
26,72,14,2,"2023-11-07 00:00:00,000",426,"48,09","906,61","Yes",1,26,"Yes"
29,120,9,2,"2023-10-20 00:00:00,000",126,"61,51","740,61","Yes",2,29,"Yes"
30,200,6,2,"2023-12-04 00:00:00,000",99,"45,16","14,38","Yes",7,30,"Yes"
34,28,14,2,"2023-09-26 00:00:00,000",336,"832,13","1168,14","Yes",7,34,"Yes"
35,46,17,2,"2025-02-09 00:00:00,000",327,"921,23","1248,39","Yes",8,35,"Yes"
37,116,8,2,"2025-02-27 00:00:00,000",306,"674,82","981,25","Yes",8,37,"Yes"
42,122,18,2,"2023-08-09 00:00:00,000",241,"751,02","99,25","Yes",8,42,"Yes"
43,70,10,2,"2023-09-04 00:00:00,000",154,"726,86","88,06","Yes",9,43,"Yes"
53,161,7,2,"2025-06-14 00:00:00,000",347,"173,92","521,11","Yes",2,53,"Yes"
54,41,1,2,"2024-06-05 00:00:00,000",253,"601,93","854,66","Yes",4,54,"Yes"
56,170,7,2,"2024-01-29 00:00:00,000",102,"240,31","341,96","Yes",5,56,"Yes"
61,151,1,2,"2024-01-31 00:00:00,000",309,"767,85","1077,16","Yes",9,61,"Yes"
62,167,15,2,"2024-10-02 00:00:00,000",132,"593,62","725,29","Yes",8,62,"Yes"
63,24,16,2,"2024-09-19 00:00:00,000",234,"334,64","56,84","Yes",3,63,"Yes"
66,132,1,2,"2025-01-12 00:00:00,000",236,"203,83","439,79","Yes",8,66,"Yes"
73,69,1,2,"2023-11-28 00:00:00,000",377,"840,73","1217,45","Yes",8,73,"Yes"
74,39,15,2,"2025-06-11 00:00:00,000",205,"560,88","766,19","Yes",8,74,"Yes"
79,20,16,2,"2025-04-02 00:00:00,000",202,"698,85","90,12","Yes",6,79,"Yes"
82,192,3,2,"2024-12-13 00:00:00,000",490,"765,16","1255,41","Yes",2,82,"Yes"
83,114,6,2,"2023-09-21 00:00:00,000",457,"65,07","521,61","Yes",5,83,"Yes"
84,92,12,2,"2024-10-07 00:00:00,000",116,"540,54","656,05","Yes",3,84,"Yes"
90,6,13,2,"2023-08-22 00:00:00,000",54,"867,77","921,41","Yes",1,90,"Yes"
92,163,7,2,"2024-03-02 00:00:00,000",355,"726,51","108,15","Yes",3,92,"Yes"
97,174,13,2,"2023-11-28 00:00:00,000",91,"406,68","497,32","Yes",2,97,"Yes"
100,57,3,2,"2024-08-06 00:00:00,000",459,"316,15","775,37","Yes",3,100,"Yes"
101,12,2,2,"2024-02-07 00:00:00,000",498,"13,38","631,97","Yes",9,101,"Yes"
105,93,4,2,"2025-01-05 00:00:00,000",295,"978,29","127,33","Yes",7,105,"Yes"
109,153,1,2,"2024-07-05 00:00:00,000",436,"161,79","598,07","Yes",5,109,"Yes"
112,191,3,2,"2024-06-09 00:00:00,000",252,"37,48","626,52","Yes",8,112,"Yes"
118,185,7,2,"2023-10-19 00:00:00,000",25,"243,92","497,12","Yes",8,118,"Yes"
124,28,12,2,"2024-01-28 00:00:00,000",10,"29,3","39,47","Yes",7,124,"Yes"
126,47,9,2,"2025-01-01 00:00:00,000",465,"36,4","828,69","Yes",3,126,"Yes"
128,56,13,2,"2024-03-21 00:00:00,000",254,"174,26","42,84","Yes",6,128,"Yes"
130,173,3,2,"2025-01-21 00:00:00,000",25,"435,53","684,93","Yes",7,130,"Yes"
132,125,17,2,"2025-03-03 00:00:00,000",70,"407,36","47,78","Yes",1,132,"Yes"
136,20,11,2,"2023-08-03 00:00:00,000",308,"715,31","1023,34","Yes",2,136,"Yes"
137,104,1,2,"2025-06-09 00:00:00,000",127,"948,66","107,6","Yes",6,137,"Yes"
143,165,20,2,"2025-05-22 00:00:00,000",439,"634,67","1073,58","Yes",2,143,"Yes"
144,121,15,2,"2023-09-02 00:00:00,000",408,"599,59","1007,94","Yes",2,144,"Yes"
145,80,15,2,"2023-11-22 00:00:00,000",67,"381,36","448,28","Yes",2,145,"Yes"
146,158,20,2,"2023-06-24 00:00:00,000",258,"563,23","821,45","Yes",1,146,"Yes"
148,116,4,2,"2024-09-03 00:00:00,000",492,"102,64","594,71","Yes",1,148,"Yes"
149,64,15,2,"2025-06-14 00:00:00,000",286,"617,61","903,44","Yes",5,149,"Yes"
150,100,14,2,"2025-06-17 00:00:00,000",36,"71,32","426,82","Yes",6,150,"Yes"
164,57,15,2,"2025-04-09 00:00:00,000",469,"42,66","895,31","Yes",6,164,"Yes"
167,195,16,2,"2023-11-17 00:00:00,000",327,"907,74","1234,65","Yes",4,167,"Yes"
168,39,18,2,"2023-11-01 00:00:00,000",100,"302,34","402,37","Yes",1,168,"Yes"
169,62,14,2,"2024-06-26 00:00:00,000",78,"839,95","918,21","Yes",9,169,"Yes"
171,62,19,2,"2023-07-30 00:00:00,000",134,"674,85","809,14","Yes",6,171,"Yes"
173,65,1,2,"2025-04-21 00:00:00,000",405,"357,91","762,74","Yes",2,173,"Yes"
174,198,19,2,"2024-02-05 00:00:00,000",110,"365,25","475,28","Yes",3,174,"Yes"
175,200,15,2,"2024-05-11 00:00:00,000",334,"815,27","1149,55","Yes",8,175,"Yes"
177,132,13,2,"2025-02-21 00:00:00,000",164,"758,23","922,22","Yes",6,177,"Yes"
178,200,2,2,"2024-06-07 00:00:00,000",173,"803,36","976,31","Yes",7,178,"Yes"
179,191,15,2,"2024-10-20 00:00:00,000",203,"203,08","405,65","Yes",6,179,"Yes"
181,140,10,2,"2024-07-10 00:00:00,000",96,"341,36","437,53","Yes",8,181,"Yes"
183,158,14,2,"2025-01-03 00:00:00,000",338,"795,65","1133,41","Yes",7,183,"Yes"
187,147,5,2,"2023-08-06 00:00:00,000",229,"656,57","885,69","Yes",2,187,"Yes"
188,7,6,2,"2025-06-22 00:00:00,000",283,"915,27","1198,26","Yes",5,188,"Yes"
191,23,11,2,"2023-11-12 00:00:00,000",369,"55,9","928,29","Yes",5,191,"Yes"
192,41,6,2,"2023-10-10 00:00:00,000",279,"138,94","417,88","Yes",3,192,"Yes"
199,73,3,2,"2023-09-13 00:00:00,000",138,"957,22","1095,56","Yes",5,199,"Yes"
202,21,2,2,"2024-10-10 00:00:00,000",343,"771,62","1114,63","Yes",1,202,"Yes"
203,128,18,2,"2025-05-14 00:00:00,000",339,"316,05","654,91","Yes",7,203,"Yes"
206,103,5,2,"2025-03-04 00:00:00,000",282,"124,06","40,58","Yes",2,206,"Yes"
210,6,3,2,"2023-11-02 00:00:00,000",277,"967,35","124,48","Yes",6,210,"Yes"
211,13,2,2,"2023-10-31 00:00:00,000",27,"884,69","1157,39","Yes",8,211,"Yes"
213,196,13,2,"2025-01-14 00:00:00,000",70,"70,13","140,49","Yes",6,213,"Yes"
217,10,5,2,"2024-11-21 00:00:00,000",412,"528,95","940,73","Yes",9,217,"Yes"
218,36,11,2,"2025-02-23 00:00:00,000",123,"99,08","1113,93","Yes",5,218,"Yes"
220,85,4,2,"2025-05-19 00:00:00,000",313,"800,82","1113,49","Yes",1,220,"Yes"
222,59,2,2,"2023-11-11 00:00:00,000",127,"636,44","763,17","Yes",7,222,"Yes"
227,91,9,2,"2024-04-07 00:00:00,000",137,"261,59","398,11","Yes",4,227,"Yes"
229,185,9,2,"2024-02-26 00:00:00,000",105,"683,09","787,93","Yes",7,229,"Yes"
230,89,5,2,"2024-03-15 00:00:00,000",69,"956,21","1025,14","Yes",8,230,"Yes"
231,168,9,2,"2023-08-11 00:00:00,000",146,"831,39","977,68","Yes",9,231,"Yes"
239,117,18,2,"2023-09-08 00:00:00,000",450,"151,52","601,69","Yes",5,239,"Yes"
240,50,4,2,"2024-08-15 00:00:00,000",123,"469,74","592,86","Yes",3,240,"Yes"
241,4,11,2,"2025-02-23 00:00:00,000",31,"762,14","1067,64","Yes",7,241,"Yes"
242,110,17,2,"2024-05-07 00:00:00,000",89,"675,87","76,49","Yes",3,242,"Yes"
247,40,15,2,"2023-11-06 00:00:00,000",237,"558,25","795,38","Yes",9,247,"Yes"
249,115,17,2,"2024-07-04 00:00:00,000",85,"572,89","658,04","Yes",9,249,"Yes"
252,34,17,2,"2023-11-26 00:00:00,000",256,"76,58","332,14","Yes",5,252,"Yes"
253,186,1,2,"2024-02-23 00:00:00,000",165,"22,96","187,47","Yes",2,253,"Yes"
254,12,14,2,"2023-11-26 00:00:00,000",365,"550,34","915,51","Yes",2,254,"Yes"
255,121,2,2,"2025-05-21 00:00:00,000",234,"773,59","1007,58","Yes",7,255,"Yes"
258,1,1,2,"2024-07-24 00:00:00,000",258,"724,71","983,06","Yes",7,258,"Yes"
264,57,14,2,"2024-05-16 00:00:00,000",174,"565,58","73,94","Yes",3,264,"Yes"
265,161,14,2,"2024-11-21 00:00:00,000",7,"357,53","428,63","Yes",7,265,"Yes"
268,144,14,2,"2024-06-18 00:00:00,000",301,"151,41","452,19","Yes",4,268,"Yes"
269,85,3,2,"2024-08-10 00:00:00,000",431,"110,61","541,82","Yes",4,269,"Yes"
273,181,7,2,"2024-11-08 00:00:00,000",462,"561,04","1022,85","Yes",7,273,"Yes"
278,141,11,2,"2024-06-11 00:00:00,000",394,"498,85","892,36","Yes",8,278,"Yes"
279,118,6,2,"2024-08-29 00:00:00,000",126,"725,91","852,08","Yes",9,279,"Yes"
281,196,1,2,"2024-09-02 00:00:00,000",112,"638,09","749,96","Yes",3,281,"Yes"
284,185,9,2,"2025-03-01 00:00:00,000",58,"816,89","87,46","Yes",3,284,"Yes"
293,174,18,2,"2023-12-17 00:00:00,000",223,"744,95","967,68","Yes",2,293,"Yes"
295,197,20,2,"2025-05-03 00:00:00,000",486,"339,85","825,86","Yes",8,295,"Yes"
308,35,10,2,"2023-11-21 00:00:00,000",321,"701,39","1022,84","Yes",3,308,"Yes"
312,182,7,2,"2023-10-01 00:00:00,000",409,"834,66","1243,62","Yes",7,312,"Yes"
317,12,19,2,"2024-08-19 00:00:00,000",485,"344,96","830,03","Yes",2,317,"Yes"
319,57,15,2,"2024-01-04 00:00:00,000",226,"77,69","1002,91","Yes",9,319,"Yes"
321,30,5,2,"2024-11-14 00:00:00,000",190,"466,23","656,58","Yes",8,321,"Yes"
326,51,15,2,"2023-09-14 00:00:00,000",225,"710,64","935,62","Yes",2,326,"Yes"
328,136,11,2,"2025-04-07 00:00:00,000",325,"595,26","920,35","Yes",8,328,"Yes"
329,159,6,2,"2025-04-14 00:00:00,000",463,"598,36","1061,77","Yes",6,329,"Yes"
330,31,8,2,"2024-10-04 00:00:00,000",103,"385,84","488,47","Yes",7,330,"Yes"
333,159,2,2,"2024-09-28 00:00:00,000",478,"494,92","973,25","Yes",7,333,"Yes"
334,144,17,2,"2024-04-12 00:00:00,000",234,"501,89","73,6","Yes",8,334,"Yes"
336,71,8,2,"2024-09-12 00:00:00,000",126,"468,17","593,86","Yes",8,336,"Yes"
338,139,2,2,"2024-09-12 00:00:00,000",296,"989,98","1285,84","Yes",4,338,"Yes"
339,77,2,2,"2023-08-30 00:00:00,000",168,"864,96","1033,23","Yes",2,339,"Yes"
345,64,5,2,"2024-12-07 00:00:00,000",423,"766,24","1189,06","Yes",8,345,"Yes"
346,37,19,2,"2023-11-25 00:00:00,000",333,"387,67","720,19","Yes",2,346,"Yes"
347,104,17,2,"2023-11-11 00:00:00,000",363,"879,77","1242,39","Yes",8,347,"Yes"
352,32,6,2,"2024-03-02 00:00:00,000",255,"99,2","1247,43","Yes",3,352,"Yes"
354,65,3,2,"2024-11-05 00:00:00,000",349,"655,93","1004,96","Yes",5,354,"Yes"
355,186,8,2,"2024-10-04 00:00:00,000",345,"709,62","1054,59","Yes",8,355,"Yes"
358,27,11,2,"2023-07-21 00:00:00,000",446,"154,39","600,84","Yes",3,358,"Yes"
367,175,6,2,"2025-03-18 00:00:00,000",48,"774,96","1254,46","Yes",2,367,"Yes"
369,74,17,2,"2024-09-16 00:00:00,000",241,"414,23","654,84","Yes",9,369,"Yes"
371,138,11,2,"2023-09-25 00:00:00,000",31,"767,96","1081,86","Yes",2,371,"Yes"
384,84,3,2,"2023-10-06 00:00:00,000",54,"216,66","270,25","Yes",5,384,"Yes"
390,180,12,2,"2025-02-15 00:00:00,000",489,"10,32","591,75","Yes",3,390,"Yes"
392,61,10,2,"2024-01-20 00:00:00,000",433,"927,52","1360,43","Yes",6,392,"Yes"
395,92,7,2,"2024-10-27 00:00:00,000",189,"279,71","468,45","Yes",3,395,"Yes"
403,128,1,2,"2024-09-01 00:00:00,000",357,"189,35","54,68","Yes",3,403,"Yes"
404,71,9,2,"2023-10-22 00:00:00,000",448,"53,96","50,15","Yes",4,404,"Yes"
405,166,10,2,"2025-03-11 00:00:00,000",24,"559,67","795,07","Yes",5,405,"Yes"
408,129,11,2,"2024-06-25 00:00:00,000",17,"45,54","217,24","Yes",1,408,"Yes"
415,6,17,2,"2025-01-04 00:00:00,000",50,"919,54","969,85","Yes",3,415,"Yes"
416,88,6,2,"2023-09-06 00:00:00,000",8,"164,76","241,56","Yes",3,416,"Yes"
418,151,4,2,"2024-06-10 00:00:00,000",186,"153,72","339,51","Yes",7,418,"Yes"
421,187,1,2,"2024-03-16 00:00:00,000",433,"775,41","1208,25","Yes",3,421,"Yes"
424,182,11,2,"2024-07-27 00:00:00,000",55,"225,49","280,62","Yes",6,424,"Yes"
429,141,3,2,"2024-03-20 00:00:00,000",317,"621,37","938,68","Yes",1,429,"Yes"
430,111,6,2,"2024-02-12 00:00:00,000",12,"119,23","239,93","Yes",4,430,"Yes"
431,105,18,2,"2024-09-09 00:00:00,000",347,"311,45","658,72","Yes",7,431,"Yes"
432,147,18,2,"2025-05-07 00:00:00,000",119,"373,61","492,73","Yes",5,432,"Yes"
433,170,20,2,"2025-02-14 00:00:00,000",140,"45,22","185,07","Yes",5,433,"Yes"
435,24,18,2,"2025-06-05 00:00:00,000",13,"887,78","1020,98","Yes",8,435,"Yes"
436,12,9,2,"2025-02-01 00:00:00,000",259,"241,72","50,1","Yes",1,436,"Yes"
443,100,18,2,"2023-08-18 00:00:00,000",298,"859,49","1157,91","Yes",1,443,"Yes"
446,89,14,2,"2024-10-31 00:00:00,000",222,"495,87","718,24","Yes",1,446,"Yes"
447,45,9,2,"2024-08-04 00:00:00,000",115,"616,48","731,21","Yes",1,447,"Yes"
452,195,17,2,"2024-03-01 00:00:00,000",419,"524,96","944,42","Yes",5,452,"Yes"
455,181,7,2,"2024-10-02 00:00:00,000",216,"474,93","690,69","Yes",2,455,"Yes"
457,151,18,2,"2025-04-18 00:00:00,000",205,"84,09","1045,81","Yes",2,457,"Yes"
458,73,1,2,"2025-01-05 00:00:00,000",72,"856,74","929,08","Yes",4,458,"Yes"
461,183,9,2,"2024-02-24 00:00:00,000",453,"854,55","1307,52","Yes",4,461,"Yes"
463,144,20,2,"2024-07-04 00:00:00,000",184,"125,94","310,25","Yes",5,463,"Yes"
468,88,8,2,"2024-09-06 00:00:00,000",458,"678,43","1136,37","Yes",3,468,"Yes"
470,196,6,2,"2025-05-22 00:00:00,000",34,"237,81","582,31","Yes",5,470,"Yes"
473,136,10,2,"2024-01-18 00:00:00,000",74,"857,15","931,48","Yes",4,473,"Yes"
474,88,14,2,"2023-10-11 00:00:00,000",114,"865,15","97,96","Yes",2,474,"Yes"
477,112,14,2,"2024-02-10 00:00:00,000",243,"487,85","730,91","Yes",9,477,"Yes"
480,99,17,2,"2024-08-26 00:00:00,000",125,"827,37","952,53","Yes",5,480,"Yes"
481,117,17,2,"2025-03-28 00:00:00,000",245,"693,04","938,19","Yes",8,481,"Yes"
484,183,2,2,"2025-05-25 00:00:00,000",444,"270,67","715,11","Yes",1,484,"Yes"
490,128,7,2,"2024-06-20 00:00:00,000",199,"22,68","221,45","Yes",2,490,"Yes"
492,66,8,2,"2023-06-29 00:00:00,000",49,"31,01","80,5","Yes",2,492,"Yes"
493,45,2,2,"2024-06-03 00:00:00,000",21,"683,23","895,33","Yes",2,493,"Yes"
496,30,13,2,"2024-08-27 00:00:00,000",483,"28,64","769,44","Yes",8,496,"Yes"
498,27,14,2,"2023-06-25 00:00:00,000",411,"684,83","1095,85","Yes",7,498,"Yes"
506,118,15,2,"2024-05-31 00:00:00,000",90,"508,49","59,81","Yes",8,506,"Yes"
508,155,20,2,"2023-06-29 00:00:00,000",451,"571,09","1021,64","Yes",8,508,"Yes"
510,154,16,2,"2025-02-15 00:00:00,000",372,"131,74","50,39","Yes",4,510,"Yes"
511,1,11,2,"2024-03-09 00:00:00,000",423,"965,15","138,86","Yes",9,511,"Yes"
515,32,15,2,"2024-12-24 00:00:00,000",346,"957,07","1303,38","Yes",8,515,"Yes"
518,156,11,2,"2025-06-17 00:00:00,000",24,"616,81","855,21","Yes",4,518,"Yes"
519,71,13,2,"2024-11-30 00:00:00,000",487,"463,79","950,51","Yes",7,519,"Yes"
523,147,14,2,"2025-06-10 00:00:00,000",445,"433,94","87,88","Yes",2,523,"Yes"
526,9,12,2,"2023-11-24 00:00:00,000",96,"870,67","966,79","Yes",4,526,"Yes"
527,191,18,2,"2025-06-11 00:00:00,000",157,"788,62","945,54","Yes",5,527,"Yes"
532,110,9,2,"2024-04-03 00:00:00,000",109,"592,31","700,84","Yes",6,532,"Yes"
534,170,10,2,"2024-11-24 00:00:00,000",405,"559,16","964,62","Yes",6,534,"Yes"
541,131,15,2,"2024-02-02 00:00:00,000",70,"900,32","970,05","Yes",9,541,"Yes"
545,14,6,2,"2023-11-16 00:00:00,000",301,"583,46","88,46","Yes",5,545,"Yes"
546,105,13,2,"2024-08-11 00:00:00,000",33,"444,36","777,96","Yes",2,546,"Yes"
549,196,15,2,"2025-05-30 00:00:00,000",23,"667,51","895,31","Yes",9,549,"Yes"
550,57,5,2,"2024-02-03 00:00:00,000",409,"852,48","1261,03","Yes",3,550,"Yes"
552,147,20,2,"2024-12-03 00:00:00,000",292,"948,04","1239,76","Yes",6,552,"Yes"
558,40,19,2,"2024-01-03 00:00:00,000",413,"959,49","1372,95","Yes",6,558,"Yes"
559,64,8,2,"2025-01-11 00:00:00,000",175,"37,23","546,81","Yes",6,559,"Yes"
560,123,15,2,"2024-05-23 00:00:00,000",211,"319,36","530,79","Yes",3,560,"Yes"
563,149,19,2,"2024-02-15 00:00:00,000",396,"228,51","624,65","Yes",5,563,"Yes"
567,145,5,2,"2024-01-01 00:00:00,000",473,"59,61","532,24","Yes",4,567,"Yes"
568,17,9,2,"2023-07-16 00:00:00,000",155,"675,21","830,52","Yes",6,568,"Yes"
569,100,16,2,"2024-11-24 00:00:00,000",45,"59,11","505,81","Yes",2,569,"Yes"
570,181,17,2,"2025-04-19 00:00:00,000",426,"278,05","703,74","Yes",3,570,"Yes"
571,97,13,2,"2024-01-23 00:00:00,000",314,"900,26","1214,72","Yes",5,571,"Yes"
572,97,8,2,"2024-11-30 00:00:00,000",21,"870,37","1079,17","Yes",8,572,"Yes"
584,1,14,2,"2024-09-07 00:00:00,000",217,"62,57","279,24","Yes",4,584,"Yes"
587,73,20,2,"2023-12-16 00:00:00,000",166,"25,36","191,37","Yes",1,587,"Yes"
590,109,19,2,"2025-06-20 00:00:00,000",325,"991,96","1317,31","Yes",4,590,"Yes"
591,106,18,2,"2023-10-03 00:00:00,000",130,"567,91","698,33","Yes",5,591,"Yes"
592,148,12,2,"2024-02-22 00:00:00,000",38,"85,79","123,9","Yes",4,592,"Yes"
597,15,6,2,"2024-02-10 00:00:00,000",248,"217,67","465,21","Yes",9,597,"Yes"
599,44,2,2,"2024-01-08 00:00:00,000",158,"20,28","177,95","Yes",5,599,"Yes"
600,200,13,2,"2024-07-11 00:00:00,000",351,"417,34","768,69","Yes",1,600,"Yes"
602,90,12,2,"2025-05-28 00:00:00,000",152,"96,38","1115,63","Yes",7,602,"Yes"
603,148,1,2,"2024-12-31 00:00:00,000",129,"516,11","644,88","Yes",9,603,"Yes"
605,65,15,2,"2025-02-12 00:00:00,000",303,"774,57","107,8","Yes",8,605,"Yes"
607,174,8,2,"2025-02-14 00:00:00,000",236,"366,03","601,62","Yes",5,607,"Yes"
609,46,16,2,"2024-09-20 00:00:00,000",209,"896,43","1105,52","Yes",4,609,"Yes"
615,9,17,2,"2023-07-15 00:00:00,000",227,"692,61","919,78","Yes",2,615,"Yes"
616,179,17,2,"2025-01-24 00:00:00,000",192,"28,25","220,29","Yes",7,616,"Yes"
617,149,4,2,"2023-07-05 00:00:00,000",213,"864,61","1077,33","Yes",5,617,"Yes"
618,61,9,2,"2024-12-10 00:00:00,000",481,"356,23","837,57","Yes",7,618,"Yes"
623,185,11,2,"2023-07-14 00:00:00,000",185,"57,09","755,92","Yes",7,623,"Yes"
630,21,6,2,"2023-09-02 00:00:00,000",15,"330,54","483,24","Yes",5,630,"Yes"
632,134,15,2,"2024-09-17 00:00:00,000",125,"857,13","982,42","Yes",4,632,"Yes"
639,117,19,2,"2024-01-16 00:00:00,000",286,"646,74","93,23","Yes",6,639,"Yes"
643,3,14,2,"2023-11-07 00:00:00,000",319,"800,83","1119,48","Yes",4,643,"Yes"
644,106,18,2,"2024-07-17 00:00:00,000",228,18,"407,64","Yes",7,644,"Yes"
646,178,9,2,"2025-05-16 00:00:00,000",342,"541,31","883,12","Yes",4,646,"Yes"
655,122,13,2,"2024-07-08 00:00:00,000",47,"175,44","646,74","Yes",9,655,"Yes"
656,134,4,2,"2025-05-14 00:00:00,000",267,"312,84","579,39","Yes",1,656,"Yes"
658,150,4,2,"2023-10-02 00:00:00,000",405,"28,75","433,86","Yes",8,658,"Yes"
660,176,20,2,"2023-08-27 00:00:00,000",469,"997,03","1465,91","Yes",1,660,"Yes"
663,125,15,2,"2023-07-01 00:00:00,000",294,"500,29","794,52","Yes",9,663,"Yes"
666,1,17,2,"2024-08-03 00:00:00,000",380,"885,27","1265,42","Yes",6,666,"Yes"
668,49,17,2,"2023-08-10 00:00:00,000",395,"171,05","565,63","Yes",7,668,"Yes"
671,169,16,2,"2023-10-20 00:00:00,000",72,"236,31","30,84","Yes",1,671,"Yes"
676,92,15,2,"2024-11-16 00:00:00,000",447,"183,47","630,74","Yes",7,676,"Yes"
680,116,15,2,"2025-01-08 00:00:00,000",50,"53,97","104,06","Yes",1,680,"Yes"
681,133,5,2,"2024-04-04 00:00:00,000",53,"984,71","1037,67","Yes",6,681,"Yes"
685,25,20,2,"2024-09-10 00:00:00,000",67,"812,17","878,99","Yes",1,685,"Yes"
690,87,3,2,"2024-11-03 00:00:00,000",307,"68,32","375,47","Yes",2,690,"Yes"
691,103,17,2,"2024-04-13 00:00:00,000",398,"147,77","545,99","Yes",9,691,"Yes"
696,160,5,2,"2024-06-14 00:00:00,000",70,"821,81","89,2","Yes",6,696,"Yes"
698,74,1,2,"2024-10-04 00:00:00,000",362,"129,05","491,26","Yes",1,698,"Yes"
701,44,2,2,"2025-03-16 00:00:00,000",140,"70,26","842,91","Yes",8,701,"Yes"
703,28,1,2,"2024-08-31 00:00:00,000",440,"656,42","1096,75","Yes",7,703,"Yes"
704,131,4,2,"2023-10-22 00:00:00,000",27,"605,16","873,26","Yes",4,704,"Yes"
714,106,10,2,"2025-05-11 00:00:00,000",386,"825,26","1210,78","Yes",5,714,"Yes"
718,48,13,2,"2023-10-06 00:00:00,000",263,"180,51","443,74","Yes",7,718,"Yes"
719,196,1,2,"2024-05-04 00:00:00,000",478,"23,81","715,69","Yes",4,719,"Yes"
724,133,18,2,"2024-01-13 00:00:00,000",493,"58,47","551,19","Yes",1,724,"Yes"
726,43,14,2,"2023-11-09 00:00:00,000",326,"73,46","399,37","Yes",3,726,"Yes"
728,35,13,2,"2024-05-09 00:00:00,000",196,"44,41","239,97","Yes",4,728,"Yes"
729,117,3,2,"2024-04-25 00:00:00,000",196,"65,56","851,43","Yes",3,729,"Yes"
734,1,20,2,"2024-12-14 00:00:00,000",55,"507,68","563,17","Yes",1,734,"Yes"
738,171,19,2,"2025-01-16 00:00:00,000",20,"105,95","304,95","Yes",3,738,"Yes"
740,24,10,2,"2023-08-17 00:00:00,000",216,"391,36","607,22","Yes",7,740,"Yes"
748,79,10,2,"2024-10-16 00:00:00,000",395,"131,56","526,72","Yes",7,748,"Yes"
753,17,5,2,"2025-05-15 00:00:00,000",428,"352,37","78,07","Yes",9,753,"Yes"
754,43,19,2,"2024-01-23 00:00:00,000",134,"134,51","268,83","Yes",5,754,"Yes"
758,40,7,2,"2025-04-20 00:00:00,000",466,"737,79","1203,43","Yes",6,758,"Yes"
760,30,1,2,"2024-07-16 00:00:00,000",470,"693,31","1162,86","Yes",2,760,"Yes"
771,67,12,2,"2024-10-16 00:00:00,000",133,"918,92","1051,43","Yes",6,771,"Yes"
778,125,4,2,"2024-01-12 00:00:00,000",196,"11,57","312,12","Yes",5,778,"Yes"
782,51,7,2,"2024-07-28 00:00:00,000",185,"798,46","983,34","Yes",7,782,"Yes"
785,92,4,2,"2023-12-28 00:00:00,000",440,"250,54","69,01","Yes",7,785,"Yes"
786,161,11,2,"2024-11-20 00:00:00,000",233,"446,49","67,92","Yes",3,786,"Yes"
790,179,20,2,"2025-02-11 00:00:00,000",330,"465,31","795,77","Yes",8,790,"Yes"
792,183,17,2,"2025-05-03 00:00:00,000",235,"555,24","790,12","Yes",1,792,"Yes"
793,146,16,2,"2025-03-09 00:00:00,000",101,"49,19","592,82","Yes",3,793,"Yes"
798,187,19,2,"2024-02-02 00:00:00,000",78,"48,37","561,34","Yes",1,798,"Yes"
803,127,14,2,"2024-11-25 00:00:00,000",157,"451,38","608,46","Yes",4,803,"Yes"
805,119,13,2,"2023-11-24 00:00:00,000",186,"751,23","936,85","Yes",9,805,"Yes"
807,74,15,2,"2024-02-18 00:00:00,000",355,"962,53","1317,85","Yes",1,807,"Yes"
809,86,9,2,"2023-11-21 00:00:00,000",411,"270,24","681,28","Yes",8,809,"Yes"
812,176,15,2,"2024-08-10 00:00:00,000",149,"297,63","446,37","Yes",1,812,"Yes"
816,71,14,2,"2023-10-03 00:00:00,000",17,"785,12","950,92","Yes",1,816,"Yes"
818,113,3,2,"2024-06-13 00:00:00,000",491,"216,66","70,74","Yes",8,818,"Yes"
824,32,19,2,"2024-02-08 00:00:00,000",200,"316,77","516,82","Yes",2,824,"Yes"
825,94,18,2,"2023-10-07 00:00:00,000",86,"470,45","556,66","Yes",4,825,"Yes"
827,28,12,2,"2025-01-19 00:00:00,000",88,"640,14","728,33","Yes",3,827,"Yes"
829,139,10,2,"2025-03-14 00:00:00,000",290,"837,57","1127,84","Yes",1,829,"Yes"
837,152,6,2,"2025-03-25 00:00:00,000",78,"288,42","366,87","Yes",3,837,"Yes"
839,162,20,2,"2024-06-26 00:00:00,000",400,"35,32","435,27","Yes",1,839,"Yes"
843,161,10,2,"2024-05-11 00:00:00,000",238,"566,56","805,01","Yes",9,843,"Yes"
844,25,20,2,"2025-05-13 00:00:00,000",438,"987,05","1425,28","Yes",8,844,"Yes"
845,198,7,2,"2025-04-26 00:00:00,000",74,"130,43","204,31","Yes",8,845,"Yes"
847,54,14,2,"2024-05-06 00:00:00,000",200,"809,05","1009,48","Yes",1,847,"Yes"
850,200,4,2,"2024-06-15 00:00:00,000",15,"252,38","404,88","Yes",4,850,"Yes"
852,56,20,2,"2025-06-07 00:00:00,000",130,"386,02","516,15","Yes",4,852,"Yes"
853,162,12,2,"2023-09-03 00:00:00,000",141,"144,67","285,66","Yes",1,853,"Yes"
857,152,16,2,"2024-08-31 00:00:00,000",176,"735,42","911,05","Yes",4,857,"Yes"
858,64,11,2,"2024-04-14 00:00:00,000",311,"893,99","1204,75","Yes",3,858,"Yes"
859,147,1,2,"2024-01-07 00:00:00,000",491,"59,26","550,34","Yes",9,859,"Yes"
862,34,12,2,"2025-06-16 00:00:00,000",158,"998,97","1156,55","Yes",5,862,"Yes"
864,48,12,2,"2025-01-12 00:00:00,000",367,"21,34","38,81","Yes",7,864,"Yes"
870,193,8,2,"2024-03-12 00:00:00,000",209,"282,01","490,73","Yes",5,870,"Yes"
871,14,3,2,"2024-02-08 00:00:00,000",205,"49,65","701,85","Yes",2,871,"Yes"
872,121,18,2,"2024-11-15 00:00:00,000",253,"380,78","634,17","Yes",2,872,"Yes"
874,28,6,2,"2024-06-30 00:00:00,000",100,"164,99","26,54","Yes",4,874,"Yes"
876,89,14,2,"2024-06-07 00:00:00,000",382,"41,05","423,02","Yes",1,876,"Yes"
877,60,17,2,"2025-04-03 00:00:00,000",235,"355,94","59,12","Yes",6,877,"Yes"
884,38,12,2,"2024-09-17 00:00:00,000",293,"179,35","472,29","Yes",1,884,"Yes"
887,171,5,2,"2024-07-04 00:00:00,000",202,"130,07","332,48","Yes",1,887,"Yes"
889,92,3,2,"2023-10-27 00:00:00,000",75,"648,49","723,26","Yes",4,889,"Yes"
892,171,12,2,"2024-09-09 00:00:00,000",117,"856,73","973,31","Yes",6,892,"Yes"
896,122,17,2,"2023-09-16 00:00:00,000",80,"960,89","1040,64","Yes",2,896,"Yes"
897,2,14,2,"2024-07-13 00:00:00,000",237,"56,47","801,23","Yes",3,897,"Yes"
899,150,10,2,"2024-08-10 00:00:00,000",302,"474,18","775,86","Yes",1,899,"Yes"
900,40,9,2,"2023-12-22 00:00:00,000",480,"837,56","1317,77","Yes",5,900,"Yes"
901,107,6,2,"2024-07-03 00:00:00,000",458,"651,89","1109,95","Yes",5,901,"Yes"
905,14,9,2,"2024-11-20 00:00:00,000",239,"913,86","1152,64","Yes",5,905,"Yes"
907,154,6,2,"2025-04-10 00:00:00,000",44,"830,29","1272,89","Yes",5,907,"Yes"
922,182,16,2,"2024-02-14 00:00:00,000",364,"201,42","565,58","Yes",2,922,"Yes"
923,47,12,2,"2025-02-26 00:00:00,000",241,"523,97","764,81","Yes",6,923,"Yes"
927,49,3,2,"2024-08-30 00:00:00,000",473,"380,09","852,68","Yes",8,927,"Yes"
928,173,4,2,"2024-12-17 00:00:00,000",247,"665,38","912,51","Yes",3,928,"Yes"
931,186,16,2,"2023-07-16 00:00:00,000",394,"770,65","1164,82","Yes",7,931,"Yes"
932,92,16,2,"2024-05-01 00:00:00,000",494,"521,19","1015,58","Yes",8,932,"Yes"
936,197,16,2,"2023-09-25 00:00:00,000",141,"668,85","809,72","Yes",5,936,"Yes"
938,99,15,2,"2025-06-06 00:00:00,000",434,"453,71","88,75","Yes",3,938,"Yes"
940,196,4,2,"2023-06-27 00:00:00,000",347,"691,67","1038,71","Yes",8,940,"Yes"
942,174,12,2,"2024-02-29 00:00:00,000",194,"47,58","24,18","Yes",6,942,"Yes"
944,89,12,2,"2023-09-04 00:00:00,000",208,"668,02","876,09","Yes",5,944,"Yes"
946,84,2,2,"2024-04-21 00:00:00,000",35,"434,02","780,02","Yes",7,946,"Yes"
947,69,1,2,"2024-08-01 00:00:00,000",31,"986,05","1300,65","Yes",7,947,"Yes"
952,18,19,2,"2024-04-08 00:00:00,000",24,"360,37","602,57","Yes",5,952,"Yes"
953,130,10,2,"2024-12-08 00:00:00,000",349,"327,09","675,65","Yes",5,953,"Yes"
955,48,19,2,"2024-03-11 00:00:00,000",146,"962,87","110,87","Yes",8,955,"Yes"
956,69,18,2,"2024-08-26 00:00:00,000",471,"732,08","1202,67","Yes",4,956,"Yes"
959,166,6,2,"2024-02-23 00:00:00,000",359,"251,41","610,49","Yes",3,959,"Yes"
964,94,3,2,"2023-07-31 00:00:00,000",474,"729,75","1204,17","Yes",2,964,"Yes"
968,71,15,2,"2024-04-21 00:00:00,000",164,"597,69","762,13","Yes",6,968,"Yes"
969,180,4,2,"2024-05-01 00:00:00,000",296,"485,36","780,95","Yes",5,969,"Yes"
974,113,11,2,"2023-10-24 00:00:00,000",405,"288,56","693,75","Yes",8,974,"Yes"
983,119,7,2,"2024-08-18 00:00:00,000",366,"185,38","550,95","Yes",7,983,"Yes"
987,192,16,2,"2024-04-11 00:00:00,000",109,"859,21","96,78","Yes",5,987,"Yes"
988,187,7,2,"2024-01-07 00:00:00,000",131,"796,61","927,78","Yes",5,988,"Yes"
989,61,20,2,"2024-08-02 00:00:00,000",46,"382,24","840,54","Yes",8,989,"Yes"
990,22,1,2,"2024-09-27 00:00:00,000",110,"336,78","446,72","Yes",4,990,"Yes"
991,183,13,2,"2024-11-14 00:00:00,000",381,"27,11","652,35","Yes",1,991,"Yes"
995,44,17,2,"2023-10-04 00:00:00,000",469,"880,34","1348,99","Yes",6,995,"Yes"
996,182,17,2,"2024-12-12 00:00:00,000",114,"134,51","248,32","Yes",3,996,"Yes"
998,195,9,2,"2025-02-24 00:00:00,000",25,"181,68","427,78","Yes",8,998,"Yes"
999,196,5,2,"2023-10-03 00:00:00,000",74,"165,65","23,96","Yes",1,999,"Yes"
6,142,5,1,"2025-01-31 00:00:00,000",24,"941,56","1180,76","Yes",3,6,"Yes"
9,189,6,1,"2025-05-15 00:00:00,000",18,"670,58","848,28","Yes",2,9,"Yes"
11,122,20,1,"2024-07-10 00:00:00,000",255,"888,41","1143,35","Yes",7,11,"Yes"
13,200,14,1,"2023-08-09 00:00:00,000",129,"958,81","1087,96","Yes",1,13,"Yes"
19,99,5,1,"2025-03-29 00:00:00,000",8,"419,45","498,35","Yes",7,19,"Yes"
22,108,18,1,"2025-02-07 00:00:00,000",27,"287,48","557,18","Yes",7,22,"Yes"
27,90,8,1,"2024-01-01 00:00:00,000",402,"658,72","1060,27","Yes",4,27,"Yes"
28,52,1,1,"2024-07-29 00:00:00,000",157,"484,09","641,44","Yes",4,28,"Yes"
31,102,7,1,"2024-04-19 00:00:00,000",316,"833,96","115,04","Yes",5,31,"Yes"
39,180,9,1,"2024-11-18 00:00:00,000",282,"207,24","489,72","Yes",7,39,"Yes"
40,126,18,1,"2023-11-30 00:00:00,000",361,"652,98","1013,75","Yes",1,40,"Yes"
41,24,10,1,"2023-09-26 00:00:00,000",232,"258,44","490,42","Yes",6,41,"Yes"
45,153,10,1,"2025-02-25 00:00:00,000",425,"310,32","73,5","Yes",5,45,"Yes"
46,4,18,1,"2024-09-29 00:00:00,000",173,"974,81","1148,25","Yes",3,46,"Yes"
47,164,16,1,"2024-12-11 00:00:00,000",443,"582,58","102,53","Yes",8,47,"Yes"
48,88,6,1,"2023-12-25 00:00:00,000",164,"864,49","1028,11","Yes",2,48,"Yes"
58,74,15,1,"2025-04-13 00:00:00,000",261,"318,01","578,92","Yes",5,58,"Yes"
68,179,16,1,"2024-11-22 00:00:00,000",63,"637,42","700,41","Yes",3,68,"Yes"
70,119,4,1,"2024-12-24 00:00:00,000",274,"722,27","996,54","Yes",5,70,"Yes"
75,83,7,1,"2024-01-21 00:00:00,000",307,"248,89","55,62","Yes",1,75,"Yes"
81,139,2,1,"2024-12-05 00:00:00,000",156,"690,71","846,36","Yes",4,81,"Yes"
85,44,6,1,"2023-08-06 00:00:00,000",324,"394,89","719,16","Yes",8,85,"Yes"
86,150,5,1,"2024-08-03 00:00:00,000",258,"26,89","526,42","Yes",1,86,"Yes"
93,161,4,1,"2023-07-18 00:00:00,000",189,"452,01","641,03","Yes",3,93,"Yes"
96,76,11,1,"2024-02-13 00:00:00,000",261,"93,79","354,54","Yes",4,96,"Yes"
104,105,9,1,"2024-08-14 00:00:00,000",361,"232,92","593,55","Yes",4,104,"Yes"
106,71,7,1,"2025-04-03 00:00:00,000",477,"827,71","1304,76","Yes",4,106,"Yes"
108,53,3,1,"2023-09-22 00:00:00,000",314,"816,79","1130,66","Yes",3,108,"Yes"
111,83,1,1,"2023-08-04 00:00:00,000",169,"144,22","313,64","Yes",2,111,"Yes"
113,129,8,1,"2025-05-02 00:00:00,000",377,"910,58","1287,84","Yes",5,113,"Yes"
114,118,1,1,"2024-08-05 00:00:00,000",499,"850,35","1349,71","Yes",2,114,"Yes"
115,126,15,1,"2025-06-11 00:00:00,000",455,"335,67","790,34","Yes",3,115,"Yes"
117,155,14,1,"2024-08-14 00:00:00,000",407,"132,13","539,02","Yes",9,117,"Yes"
119,103,14,1,"2025-01-31 00:00:00,000",191,"326,27","516,92","Yes",3,119,"Yes"
120,176,16,1,"2025-03-12 00:00:00,000",91,"103,66","194,71","Yes",6,120,"Yes"
121,34,18,1,"2023-11-20 00:00:00,000",314,"570,35","884,26","Yes",2,121,"Yes"
123,80,12,1,"2023-08-12 00:00:00,000",310,"228,48","538,54","Yes",4,123,"Yes"
125,144,20,1,"2023-10-31 00:00:00,000",324,"664,67","988,72","Yes",1,125,"Yes"
127,145,13,1,"2024-09-16 00:00:00,000",114,"640,51","754,35","Yes",9,127,"Yes"
129,199,19,1,"2024-11-29 00:00:00,000",45,"172,47","619,97","Yes",1,129,"Yes"
133,53,10,1,"2024-03-24 00:00:00,000",395,"768,88","1164,19","Yes",2,133,"Yes"
135,144,12,1,"2024-05-27 00:00:00,000",229,"74,72","975,88","Yes",8,135,"Yes"
138,23,14,1,"2025-06-02 00:00:00,000",159,"597,09","756,58","Yes",7,138,"Yes"
139,80,11,1,"2024-02-09 00:00:00,000",200,"184,77","384,65","Yes",2,139,"Yes"
140,136,17,1,"2024-08-03 00:00:00,000",458,"362,39","820,06","Yes",3,140,"Yes"
141,61,4,1,"2024-09-29 00:00:00,000",165,"190,03","355,22","Yes",2,141,"Yes"
147,116,19,1,"2024-10-15 00:00:00,000",195,"486,12","680,81","Yes",1,147,"Yes"
152,39,11,1,"2024-06-18 00:00:00,000",312,"15,86","470,83","Yes",7,152,"Yes"
153,34,20,1,"2024-05-27 00:00:00,000",189,"389,15","578,46","Yes",3,153,"Yes"
154,172,17,1,"2024-04-21 00:00:00,000",341,"434,94","775,65","Yes",6,154,"Yes"
155,80,6,1,"2023-12-04 00:00:00,000",204,"770,83","974,61","Yes",3,155,"Yes"
158,43,15,1,"2024-05-15 00:00:00,000",235,"682,84","917,73","Yes",8,158,"Yes"
161,108,6,1,"2025-04-18 00:00:00,000",411,"155,63","56,62","Yes",8,161,"Yes"
162,96,18,1,"2024-08-28 00:00:00,000",370,"525,59","895,72","Yes",2,162,"Yes"
166,38,5,1,"2023-07-01 00:00:00,000",18,"833,17","1012,27","Yes",3,166,"Yes"
170,5,17,1,"2025-01-16 00:00:00,000",373,"305,45","678,79","Yes",6,170,"Yes"
172,18,17,1,"2024-04-22 00:00:00,000",23,"480,73","706,43","Yes",6,172,"Yes"
176,10,10,1,"2025-06-14 00:00:00,000",70,"215,48","285,19","Yes",5,176,"Yes"
180,133,9,1,"2025-06-13 00:00:00,000",377,"97,35","474,54","Yes",3,180,"Yes"
182,155,14,1,"2025-02-11 00:00:00,000",360,"364,52","724,91","Yes",6,182,"Yes"
184,94,17,1,"2023-08-31 00:00:00,000",479,"159,92","638,68","Yes",8,184,"Yes"
186,9,20,1,"2023-10-12 00:00:00,000",356,"949,85","1305,43","Yes",2,186,"Yes"
193,61,16,1,"2024-05-15 00:00:00,000",21,"580,83","793,23","Yes",9,193,"Yes"
194,34,20,1,"2025-03-07 00:00:00,000",80,"41,02","489,79","Yes",8,194,"Yes"
204,77,15,1,"2024-02-29 00:00:00,000",360,"174,92","53,48","Yes",8,204,"Yes"
205,53,11,1,"2024-10-16 00:00:00,000",191,"72,4","914,66","Yes",6,205,"Yes"
208,108,8,1,"2024-11-19 00:00:00,000",416,"935,08","1351,15","Yes",4,208,"Yes"
215,175,20,1,"2025-04-01 00:00:00,000",11,"114,75","222,65","Yes",6,215,"Yes"
216,143,12,1,"2025-03-21 00:00:00,000",140,"518,94","658,52","Yes",1,216,"Yes"
223,38,8,1,"2023-07-19 00:00:00,000",308,"706,51","1014,17","Yes",8,223,"Yes"
232,179,9,1,"2024-11-04 00:00:00,000",99,"746,07","845,22","Yes",1,232,"Yes"
233,172,17,1,"2024-10-25 00:00:00,000",337,"71,44","408,52","Yes",8,233,"Yes"
234,26,5,1,"2025-01-04 00:00:00,000",484,"978,35","1462,38","Yes",8,234,"Yes"
237,107,6,1,"2024-09-20 00:00:00,000",499,"409,05","907,78","Yes",5,237,"Yes"
243,123,11,1,"2025-01-04 00:00:00,000",53,"39,59","448,97","Yes",5,243,"Yes"
244,85,10,1,"2024-01-26 00:00:00,000",17,"372,36","540,06","Yes",2,244,"Yes"
250,130,7,1,"2024-10-24 00:00:00,000",124,"85,74","981,44","Yes",4,250,"Yes"
257,35,12,1,"2023-06-30 00:00:00,000",130,"546,51","676,82","Yes",4,257,"Yes"
260,9,14,1,"2025-01-20 00:00:00,000",16,"85,95","244,25","Yes",8,260,"Yes"
261,154,2,1,"2024-02-06 00:00:00,000",383,"414,22","797,46","Yes",4,261,"Yes"
271,195,19,1,"2023-08-21 00:00:00,000",266,"872,08","1137,81","Yes",1,271,"Yes"
276,57,5,1,"2024-01-31 00:00:00,000",167,"936,06","1103,41","Yes",7,276,"Yes"
283,124,16,1,"2024-10-18 00:00:00,000",53,"560,61","613,59","Yes",9,283,"Yes"
285,28,4,1,"2024-03-14 00:00:00,000",158,"627,39","785,83","Yes",6,285,"Yes"
286,69,13,1,"2024-07-01 00:00:00,000",218,"417,91","635,78","Yes",4,286,"Yes"
287,77,3,1,"2023-12-28 00:00:00,000",92,"391,68","483,76","Yes",1,287,"Yes"
288,164,1,1,"2023-06-28 00:00:00,000",87,"848,42","935,63","Yes",6,288,"Yes"
292,37,13,1,"2023-06-27 00:00:00,000",185,"572,68","757,35","Yes",7,292,"Yes"
297,170,13,1,"2023-08-07 00:00:00,000",397,"309,47","706,95","Yes",2,297,"Yes"
298,22,9,1,"2023-12-27 00:00:00,000",22,"788,21","1009,21","Yes",7,298,"Yes"
299,82,12,1,"2025-02-28 00:00:00,000",91,"94,41","1035,28","Yes",5,299,"Yes"
300,27,5,1,"2023-07-13 00:00:00,000",134,"459,87","59,42","Yes",7,300,"Yes"
301,27,1,1,"2025-01-02 00:00:00,000",209,"11,12","320,46","Yes",6,301,"Yes"
303,63,19,1,"2023-07-31 00:00:00,000",358,"186,11","54,45","Yes",5,303,"Yes"
304,127,5,1,"2025-06-02 00:00:00,000",125,"290,44","415,68","Yes",2,304,"Yes"
305,93,9,1,"2023-09-09 00:00:00,000",37,"505,89","880,29","Yes",8,305,"Yes"
313,173,16,1,"2025-03-20 00:00:00,000",34,"257,18","592,18","Yes",7,313,"Yes"
322,90,16,1,"2023-07-15 00:00:00,000",247,"702,83",95,"Yes",5,322,"Yes"
323,12,4,1,"2024-05-21 00:00:00,000",432,"655,01","1087,14","Yes",3,323,"Yes"
324,190,8,1,"2024-03-01 00:00:00,000",298,"344,37","642,73","Yes",8,324,"Yes"
327,148,4,1,"2025-06-19 00:00:00,000",215,"213,13","427,74","Yes",8,327,"Yes"
331,108,20,1,"2024-03-09 00:00:00,000",309,"434,58","743,24","Yes",9,331,"Yes"
332,178,6,1,"2025-05-14 00:00:00,000",270,"157,49","427,83","Yes",8,332,"Yes"
335,126,6,1,"2024-04-25 00:00:00,000",304,"799,96","1104,39","Yes",1,335,"Yes"
337,141,17,1,"2023-11-28 00:00:00,000",308,"282,53","590,25","Yes",6,337,"Yes"
344,35,14,1,"2024-07-10 00:00:00,000",497,"869,71","1366,33","Yes",3,344,"Yes"
348,84,19,1,"2024-03-15 00:00:00,000",441,"850,22","1291,23","Yes",8,348,"Yes"
353,167,10,1,"2025-06-02 00:00:00,000",443,"879,06","1322,55","Yes",6,353,"Yes"
356,20,5,1,"2023-12-10 00:00:00,000",284,"456,17","739,92","Yes",6,356,"Yes"
357,31,14,1,"2025-06-09 00:00:00,000",265,"244,37","509,34","Yes",2,357,"Yes"
359,165,5,1,"2024-05-18 00:00:00,000",289,"28,31","317,04","Yes",8,359,"Yes"
360,90,7,1,"2024-06-15 00:00:00,000",464,"623,75","108,77","Yes",4,360,"Yes"
361,23,4,1,"2024-05-20 00:00:00,000",39,"597,78","986,38","Yes",7,361,"Yes"
364,53,17,1,"2024-06-29 00:00:00,000",387,"309,63","696,16","Yes",4,364,"Yes"
365,127,13,1,"2023-08-17 00:00:00,000",158,"645,32","803,81","Yes",1,365,"Yes"
372,80,14,1,"2025-06-20 00:00:00,000",76,"104,49","180,55","Yes",8,372,"Yes"
373,157,20,1,"2023-11-26 00:00:00,000",189,"746,86","936,04","Yes",2,373,"Yes"
374,4,5,1,"2023-09-27 00:00:00,000",124,"953,96","1077,68","Yes",5,374,"Yes"
375,43,12,1,"2024-09-21 00:00:00,000",39,"875,99","1263,39","Yes",2,375,"Yes"
378,43,12,1,"2025-05-03 00:00:00,000",16,"120,85","285,65","Yes",2,378,"Yes"
379,59,17,1,"2024-02-21 00:00:00,000",70,"865,67","935,49","Yes",8,379,"Yes"
380,94,13,1,"2023-08-06 00:00:00,000",131,"961,14","1091,67","Yes",7,380,"Yes"
381,58,11,1,"2024-12-13 00:00:00,000",237,"725,88","96,32","Yes",2,381,"Yes"
383,12,13,1,"2024-02-08 00:00:00,000",445,"868,71","1313,36","Yes",5,383,"Yes"
385,190,20,1,"2024-04-08 00:00:00,000",259,"599,86","858,63","Yes",4,385,"Yes"
391,164,13,1,"2024-03-03 00:00:00,000",316,"81,04","397,39","Yes",3,391,"Yes"
396,176,10,1,"2025-03-03 00:00:00,000",147,"859,44","100,62","Yes",4,396,"Yes"
398,104,15,1,"2023-12-22 00:00:00,000",93,"119,87","21,25","Yes",2,398,"Yes"
399,4,2,1,"2023-07-08 00:00:00,000",109,"82,72","936,02","Yes",2,399,"Yes"
410,60,6,1,"2024-05-14 00:00:00,000",162,"256,33","417,87","Yes",1,410,"Yes"
414,139,10,1,"2024-09-23 00:00:00,000",27,"108,45","379,15","Yes",4,414,"Yes"
420,92,8,1,"2024-11-18 00:00:00,000",220,"739,32","959,59","Yes",3,420,"Yes"
422,155,11,1,"2025-06-02 00:00:00,000",338,"122,03","459,87","Yes",6,422,"Yes"
423,191,3,1,"2025-04-22 00:00:00,000",206,"333,13","539,19","Yes",2,423,"Yes"
425,66,4,1,"2024-05-26 00:00:00,000",72,"449,46","521,13","Yes",3,425,"Yes"
427,167,8,1,"2025-03-22 00:00:00,000",253,"803,21","1056,29","Yes",1,427,"Yes"
428,82,9,1,"2025-02-23 00:00:00,000",83,"18,67","270,09","Yes",2,428,"Yes"
434,21,16,1,"2025-04-23 00:00:00,000",189,"409,52","598,28","Yes",5,434,"Yes"
440,129,19,1,"2024-02-22 00:00:00,000",104,"762,04","866,17","Yes",3,440,"Yes"
441,55,7,1,"2024-01-04 00:00:00,000",7,"9,68","16,6","Yes",4,441,"Yes"
445,195,4,1,"2024-06-15 00:00:00,000",303,"118,97","422,18","Yes",9,445,"Yes"
448,102,11,1,"2024-06-21 00:00:00,000",72,"485,71","557,89","Yes",6,448,"Yes"
454,45,7,1,"2023-08-09 00:00:00,000",427,"26,45","691,14","Yes",6,454,"Yes"
456,175,1,1,"2024-08-17 00:00:00,000",218,"602,16","819,77","Yes",8,456,"Yes"
459,57,8,1,"2023-12-14 00:00:00,000",171,"421,32","592,41","Yes",1,459,"Yes"
460,122,5,1,"2024-10-06 00:00:00,000",321,"28,29","34,88","Yes",5,460,"Yes"
469,169,18,1,"2023-12-04 00:00:00,000",18,"481,37","663,57","Yes",9,469,"Yes"
472,14,19,1,"2024-11-22 00:00:00,000",26,"210,65","473,15","Yes",7,472,"Yes"
475,125,11,1,"2023-08-16 00:00:00,000",191,"76,85","267,89","Yes",4,475,"Yes"
478,52,12,1,"2025-05-26 00:00:00,000",45,"761,71","1213,11","Yes",1,478,"Yes"
479,174,1,1,"2023-07-14 00:00:00,000",152,"879,45","1031,27","Yes",2,479,"Yes"
482,92,7,1,"2024-08-11 00:00:00,000",477,"919,84","1396,48","Yes",4,482,"Yes"
483,58,5,1,"2024-02-24 00:00:00,000",380,"59,79","978,23","Yes",6,483,"Yes"
485,153,2,1,"2025-01-01 00:00:00,000",344,"39,35","383,46","Yes",7,485,"Yes"
486,114,13,1,"2023-10-24 00:00:00,000",296,"484,91","781,19","Yes",1,486,"Yes"
487,78,14,1,"2025-05-30 00:00:00,000",348,"284,58","63,27","Yes",3,487,"Yes"
489,52,9,1,"2023-08-28 00:00:00,000",211,"421,56","632,62","Yes",9,489,"Yes"
491,147,16,1,"2024-06-23 00:00:00,000",477,"783,94","1261,19","Yes",2,491,"Yes"
494,25,2,1,"2024-01-03 00:00:00,000",43,"670,09","1103,49","Yes",6,494,"Yes"
499,200,12,1,"2023-09-12 00:00:00,000",438,"882,35","1320,51","Yes",3,499,"Yes"
500,124,16,1,"2024-01-04 00:00:00,000",449,"451,87","901,29","Yes",6,500,"Yes"
501,4,17,1,"2025-05-22 00:00:00,000",490,"676,45","116,65","Yes",9,501,"Yes"
502,177,20,1,"2024-12-07 00:00:00,000",245,"732,12","97,69","Yes",7,502,"Yes"
503,39,18,1,"2024-11-18 00:00:00,000",55,"935,68","990,92","Yes",8,503,"Yes"
504,127,6,1,"2024-07-31 00:00:00,000",388,"334,22","722,36","Yes",5,504,"Yes"
507,191,1,1,"2024-10-29 00:00:00,000",232,"55,12","286,67","Yes",2,507,"Yes"
513,28,9,1,"2024-12-03 00:00:00,000",134,"931,61","106,6","Yes",8,513,"Yes"
521,162,7,1,"2024-02-21 00:00:00,000",144,"72,01","864,47","Yes",3,521,"Yes"
524,7,13,1,"2024-06-30 00:00:00,000",74,"75,47","149,35","Yes",3,524,"Yes"
525,74,9,1,"2024-09-28 00:00:00,000",428,"696,78","112,45","Yes",9,525,"Yes"
530,58,12,1,"2025-05-09 00:00:00,000",399,"96,5","1364,27","Yes",3,530,"Yes"
531,175,3,1,"2025-02-05 00:00:00,000",483,"740,38","1223,49","Yes",1,531,"Yes"
535,135,8,1,"2024-12-21 00:00:00,000",284,"790,53","107,48","Yes",9,535,"Yes"
536,138,13,1,"2023-06-24 00:00:00,000",207,"885,73","1092,96","Yes",6,536,"Yes"
537,93,10,1,"2023-08-23 00:00:00,000",478,"625,91","1103,55","Yes",9,537,"Yes"
542,22,4,1,"2025-03-28 00:00:00,000",487,"777,85","1265,08","Yes",2,542,"Yes"
544,166,3,1,"2024-12-30 00:00:00,000",61,"722,53","783,22","Yes",2,544,"Yes"
547,137,1,1,"2024-01-12 00:00:00,000",390,"59,39","984,08","Yes",2,547,"Yes"
548,92,17,1,"2024-06-14 00:00:00,000",180,"692,16","872,59","Yes",5,548,"Yes"
551,77,12,1,"2025-02-06 00:00:00,000",299,"563,97","863,06","Yes",1,551,"Yes"
561,166,20,1,"2025-01-06 00:00:00,000",429,"861,54","1290,35","Yes",9,561,"Yes"
565,188,10,1,"2024-05-23 00:00:00,000",259,"52,02","779,32","Yes",9,565,"Yes"
573,155,1,1,"2025-04-04 00:00:00,000",248,"245,39","493,34","Yes",5,573,"Yes"
575,107,11,1,"2023-08-26 00:00:00,000",267,"489,24","755,92","Yes",3,575,"Yes"
576,166,14,1,"2023-10-02 00:00:00,000",160,"145,33","304,98","Yes",3,576,"Yes"
577,162,17,1,"2023-11-13 00:00:00,000",451,"163,93","614,79","Yes",3,577,"Yes"
580,37,19,1,"2025-03-27 00:00:00,000",330,"520,59","851,04","Yes",6,580,"Yes"
581,117,20,1,"2023-08-22 00:00:00,000",153,"397,75","551,17","Yes",4,581,"Yes"
588,148,17,1,"2023-09-25 00:00:00,000",284,"387,53","671,42","Yes",6,588,"Yes"
589,105,12,1,"2023-10-19 00:00:00,000",120,"658,54","778,19","Yes",9,589,"Yes"
593,115,6,1,"2024-11-25 00:00:00,000",147,"412,55","559,06","Yes",9,593,"Yes"
606,175,15,1,"2024-12-11 00:00:00,000",267,"272,66","539,55","Yes",4,606,"Yes"
610,128,7,1,"2025-01-25 00:00:00,000",381,"875,29","1256,23","Yes",4,610,"Yes"
613,71,16,1,"2024-02-23 00:00:00,000",493,"917,69","1410,67","Yes",4,613,"Yes"
621,111,13,1,"2023-12-18 00:00:00,000",116,"959,96","1075,59","Yes",1,621,"Yes"
627,148,19,1,"2024-11-24 00:00:00,000",491,"298,92","789,64","Yes",9,627,"Yes"
628,125,15,1,"2025-01-01 00:00:00,000",221,"300,79","522,27","Yes",3,628,"Yes"
633,170,9,1,"2025-04-20 00:00:00,000",145,"40,91","553,86","Yes",8,633,"Yes"
635,68,20,1,"2025-02-20 00:00:00,000",88,"932,96","102,09","Yes",4,635,"Yes"
640,124,18,1,"2025-04-01 00:00:00,000",412,"453,02","865,14","Yes",5,640,"Yes"
642,74,16,1,"2025-02-16 00:00:00,000",36,"502,09","861,59","Yes",5,642,"Yes"
647,18,6,1,"2023-12-29 00:00:00,000",180,"644,15","824,47","Yes",5,647,"Yes"
649,6,6,1,"2024-02-29 00:00:00,000",177,"142,54","319,49","Yes",1,649,"Yes"
650,60,3,1,"2024-12-04 00:00:00,000",57,"232,84","289,47","Yes",8,650,"Yes"
653,98,1,1,"2024-01-21 00:00:00,000",489,"720,39","1208,96","Yes",8,653,"Yes"
654,64,2,1,"2025-03-14 00:00:00,000",257,"775,58","1032,96","Yes",4,654,"Yes"
657,171,7,1,"2025-06-13 00:00:00,000",156,"445,48","601,66","Yes",5,657,"Yes"
659,177,20,1,"2024-12-31 00:00:00,000",217,"107,69","324,82","Yes",2,659,"Yes"
662,113,7,1,"2025-04-30 00:00:00,000",360,"37,1","731,16","Yes",1,662,"Yes"
665,42,3,1,"2024-12-13 00:00:00,000",252,"823,03","1075,25","Yes",8,665,"Yes"
669,165,11,1,"2025-01-11 00:00:00,000",93,"665,71","759,03","Yes",3,669,"Yes"
670,46,2,1,"2024-01-04 00:00:00,000",98,"207,78","305,95","Yes",7,670,"Yes"
672,54,16,1,"2025-04-12 00:00:00,000",261,"646,14","906,77","Yes",7,672,"Yes"
674,56,17,1,"2023-11-12 00:00:00,000",96,"24,64","341,95","Yes",4,674,"Yes"
679,156,8,1,"2025-03-09 00:00:00,000",219,"559,23","778,01","Yes",6,679,"Yes"
682,6,9,1,"2025-05-05 00:00:00,000",92,"471,16","563,59","Yes",5,682,"Yes"
683,94,19,1,"2024-02-19 00:00:00,000",155,"814,85","96,97","Yes",7,683,"Yes"
687,198,8,1,"2024-11-04 00:00:00,000",335,"639,55","97,48","Yes",9,687,"Yes"
688,11,11,1,"2023-10-19 00:00:00,000",197,"703,81","900,88","Yes",7,688,"Yes"
689,115,20,1,"2025-04-14 00:00:00,000",150,"303,99","453,93","Yes",3,689,"Yes"
697,40,3,1,"2025-03-02 00:00:00,000",383,"258,19","64,1","Yes",3,697,"Yes"
699,85,7,1,"2024-09-16 00:00:00,000",142,"53,28","674,51","Yes",8,699,"Yes"
700,160,5,1,"2024-02-16 00:00:00,000",219,"907,92","1127,39","Yes",5,700,"Yes"
705,129,15,1,"2025-06-09 00:00:00,000",68,"923,82","991,71","Yes",8,705,"Yes"
706,101,6,1,"2023-08-11 00:00:00,000",206,"364,87","570,92","Yes",4,706,"Yes"
708,143,9,1,"2024-08-30 00:00:00,000",118,"899,23","101,75","Yes",2,708,"Yes"
709,187,13,1,"2023-09-13 00:00:00,000",24,"581,44","819,24","Yes",5,709,"Yes"
711,176,7,1,"2024-06-06 00:00:00,000",189,"711,03","900,08","Yes",3,711,"Yes"
716,69,20,1,"2025-01-06 00:00:00,000",318,"246,29","564,65","Yes",2,716,"Yes"
717,177,16,1,"2024-05-23 00:00:00,000",276,"612,62","888,67","Yes",6,717,"Yes"
723,135,2,1,"2024-07-23 00:00:00,000",253,"830,47","1083,69","Yes",4,723,"Yes"
727,119,15,1,"2024-03-26 00:00:00,000",375,"130,91","50,61","Yes",9,727,"Yes"
731,182,13,1,"2024-11-02 00:00:00,000",220,"392,99","61,34","Yes",6,731,"Yes"
732,145,5,1,"2024-08-09 00:00:00,000",441,"195,29","636,26","Yes",7,732,"Yes"
735,156,16,1,"2023-12-20 00:00:00,000",148,"666,28","813,87","Yes",8,735,"Yes"
737,54,2,1,"2024-01-20 00:00:00,000",117,"660,21","776,93","Yes",1,737,"Yes"
739,42,10,1,"2025-01-10 00:00:00,000",485,"754,35","1239,18","Yes",1,739,"Yes"
744,160,12,1,"2023-10-19 00:00:00,000",326,"506,47","83,29","Yes",8,744,"Yes"
745,127,6,1,"2024-05-04 00:00:00,000",369,"979,67","1348,53","Yes",1,745,"Yes"
746,120,4,1,"2024-10-01 00:00:00,000",41,"999,01","1408,81","Yes",6,746,"Yes"
747,90,18,1,"2024-03-01 00:00:00,000",55,"217,16","272,24","Yes",2,747,"Yes"
752,186,11,1,"2025-03-06 00:00:00,000",144,"691,78","83,55","Yes",6,752,"Yes"
756,116,10,1,"2025-02-04 00:00:00,000",29,"191,51","477,81","Yes",1,756,"Yes"
757,200,7,1,"2024-01-05 00:00:00,000",25,"44,44","294,14","Yes",9,757,"Yes"
759,37,4,1,"2024-07-12 00:00:00,000",142,"55,82","198,15","Yes",9,759,"Yes"
761,86,15,1,"2023-09-20 00:00:00,000",10,"770,86","867,26","Yes",1,761,"Yes"
762,148,10,1,"2024-02-29 00:00:00,000",19,"208,69","403,09","Yes",6,762,"Yes"
764,144,17,1,"2024-11-18 00:00:00,000",143,"363,31","506,27","Yes",3,764,"Yes"
766,114,2,1,"2024-12-04 00:00:00,000",63,"905,23","968,28","Yes",7,766,"Yes"
769,21,15,1,"2024-01-30 00:00:00,000",92,"80,63","898,11","Yes",2,769,"Yes"
772,117,16,1,"2025-03-19 00:00:00,000",79,"130,63","210,04","Yes",3,772,"Yes"
773,73,12,1,"2024-12-15 00:00:00,000",279,"417,57","696,15","Yes",2,773,"Yes"
774,84,18,1,"2024-05-27 00:00:00,000",407,"542,09","948,68","Yes",7,774,"Yes"
775,62,20,1,"2025-04-16 00:00:00,000",297,"974,41","1270,99","Yes",6,775,"Yes"
780,127,2,1,"2023-08-14 00:00:00,000",148,"156,14","304,07","Yes",1,780,"Yes"
781,194,5,1,"2024-07-18 00:00:00,000",254,"305,67","559,51","Yes",8,781,"Yes"
783,184,12,1,"2025-02-26 00:00:00,000",312,"619,26","931,49","Yes",3,783,"Yes"
787,122,5,1,"2024-12-12 00:00:00,000",300,"846,46","114,64","Yes",7,787,"Yes"
788,40,10,1,"2023-08-03 00:00:00,000",110,"90,31","200,73","Yes",8,788,"Yes"
789,169,14,1,"2025-03-06 00:00:00,000",9,"64,94","73,75","Yes",8,789,"Yes"
791,99,12,1,"2024-05-05 00:00:00,000",134,"612,48","746,09","Yes",4,791,"Yes"
796,14,11,1,"2024-01-13 00:00:00,000",261,"522,41","78,34","Yes",6,796,"Yes"
799,169,10,1,"2023-10-05 00:00:00,000",179,"100,86","279,93","Yes",5,799,"Yes"
801,45,19,1,"2023-10-20 00:00:00,000",347,"382,37","728,99","Yes",4,801,"Yes"
802,125,6,1,"2025-02-15 00:00:00,000",204,"102,71","306,99","Yes",3,802,"Yes"
804,148,12,1,"2023-07-27 00:00:00,000",339,"760,37","1099,39","Yes",3,804,"Yes"
811,141,1,1,"2024-03-17 00:00:00,000",424,"31,72","455,98","Yes",2,811,"Yes"
820,27,2,1,"2025-02-14 00:00:00,000",82,"732,99","814,68","Yes",1,820,"Yes"
821,128,5,1,"2025-02-17 00:00:00,000",47,"671,31","1141,11","Yes",6,821,"Yes"
822,101,19,1,"2024-04-05 00:00:00,000",282,"941,11","1223,03","Yes",7,822,"Yes"
826,46,18,1,"2024-09-07 00:00:00,000",485,"667,52","115,29","Yes",7,826,"Yes"
828,10,7,1,"2025-02-25 00:00:00,000",374,"601,09","974,97","Yes",2,828,"Yes"
830,10,11,1,"2024-07-18 00:00:00,000",202,"726,59","928,56","Yes",4,830,"Yes"
835,128,20,1,"2024-06-07 00:00:00,000",8,"218,59","296,99","Yes",7,835,"Yes"
836,84,4,1,"2024-06-03 00:00:00,000",195,"96,54","1160,12","Yes",1,836,"Yes"
838,179,12,1,"2023-09-10 00:00:00,000",25,"927,16","1174,56","Yes",2,838,"Yes"
840,2,6,1,"2025-04-19 00:00:00,000",368,"601,86","969,89","Yes",8,840,"Yes"
841,178,5,1,"2024-08-19 00:00:00,000",114,"285,53","399,92","Yes",4,841,"Yes"
842,45,20,1,"2024-08-15 00:00:00,000",318,"722,85","1041,17","Yes",2,842,"Yes"
846,128,6,1,"2023-10-29 00:00:00,000",352,"62,25","413,81","Yes",5,846,"Yes"
848,27,2,1,"2024-05-03 00:00:00,000",121,"48,48","16,96","Yes",2,848,"Yes"
854,72,5,1,"2024-05-24 00:00:00,000",433,"469,41","902,65","Yes",6,854,"Yes"
855,57,10,1,"2024-06-24 00:00:00,000",41,"645,24","1050,54","Yes",3,855,"Yes"
856,148,18,1,"2023-09-20 00:00:00,000",89,"859,83","948,74","Yes",4,856,"Yes"
861,127,8,1,"2024-10-04 00:00:00,000",301,"32,17","333,49","Yes",4,861,"Yes"
863,42,15,1,"2024-04-30 00:00:00,000",489,"474,49","963,88","Yes",7,863,"Yes"
867,132,12,1,"2023-07-21 00:00:00,000",100,"378,28","478,21","Yes",6,867,"Yes"
868,94,6,1,"2023-11-27 00:00:00,000",302,"77,81","1080,44","Yes",6,868,"Yes"
869,62,18,1,"2024-04-19 00:00:00,000",342,"742,63","108,47","Yes",4,869,"Yes"
873,49,15,1,"2024-09-09 00:00:00,000",86,"899,99","986,07","Yes",2,873,"Yes"
879,44,9,1,"2024-06-26 00:00:00,000",268,"971,31","1239,22","Yes",1,879,"Yes"
881,74,6,1,"2024-03-28 00:00:00,000",43,"69,9","112,67","Yes",3,881,"Yes"
882,42,8,1,"2025-03-16 00:00:00,000",69,"330,29","398,81","Yes",5,882,"Yes"
883,95,6,1,"2024-05-04 00:00:00,000",303,"5,4","357,12","Yes",6,883,"Yes"
885,104,16,1,"2023-09-15 00:00:00,000",477,"929,26","1405,77","Yes",9,885,"Yes"
890,197,9,1,"2024-10-31 00:00:00,000",60,"547,64","607,79","Yes",2,890,"Yes"
891,132,13,1,"2025-04-10 00:00:00,000",271,"611,11","881,82","Yes",1,891,"Yes"
895,187,14,1,"2023-08-03 00:00:00,000",426,"605,98","1031,96","Yes",5,895,"Yes"
904,149,2,1,"2024-02-08 00:00:00,000",194,"880,75","1074,61","Yes",3,904,"Yes"
906,75,17,1,"2025-06-15 00:00:00,000",281,"771,11","1052,35","Yes",2,906,"Yes"
908,70,12,1,"2024-03-13 00:00:00,000",290,"36,46","655,09","Yes",3,908,"Yes"
911,158,17,1,"2023-08-29 00:00:00,000",238,"917,71","1155,52","Yes",3,911,"Yes"
915,177,4,1,"2024-06-08 00:00:00,000",58,"494,57","553,03","Yes",4,915,"Yes"
916,28,2,1,"2024-08-14 00:00:00,000",261,"910,36","1171,45","Yes",5,916,"Yes"
917,171,1,1,"2024-09-22 00:00:00,000",402,"92,17","1323,77","Yes",4,917,"Yes"
919,90,12,1,"2023-11-27 00:00:00,000",435,"785,19",122,"Yes",9,919,"Yes"
920,146,3,1,"2024-10-18 00:00:00,000",419,"767,98","1186,79","Yes",4,920,"Yes"
921,73,6,1,"2025-01-17 00:00:00,000",488,"116,71","604,82","Yes",9,921,"Yes"
924,32,15,1,"2025-04-25 00:00:00,000",284,"50,59","789,78","Yes",5,924,"Yes"
929,102,13,1,"2025-04-16 00:00:00,000",384,"894,58","1278,22","Yes",6,929,"Yes"
930,51,11,1,"2023-10-14 00:00:00,000",318,"990,85","1308,58","Yes",7,930,"Yes"
935,174,11,1,"2024-12-05 00:00:00,000",186,"630,77","817,01","Yes",9,935,"Yes"
937,139,11,1,"2023-11-26 00:00:00,000",479,"50,97","529,63","Yes",2,937,"Yes"
939,143,10,1,"2023-08-11 00:00:00,000",271,"15,18","422,97","Yes",8,939,"Yes"
943,90,19,1,"2024-08-03 00:00:00,000",394,"632,65","1026,99","Yes",7,943,"Yes"
945,152,3,1,"2024-12-15 00:00:00,000",441,"132,18","57,32","Yes",9,945,"Yes"
948,83,19,1,"2024-12-29 00:00:00,000",414,"118,06","531,81","Yes",6,948,"Yes"
951,58,20,1,"2024-06-02 00:00:00,000",373,"586,63","95,96","Yes",5,951,"Yes"
957,94,15,1,"2023-11-15 00:00:00,000",158,"75,15","909,67","Yes",7,957,"Yes"
958,106,11,1,"2023-07-24 00:00:00,000",335,"849,05","1184,32","Yes",5,958,"Yes"
960,50,1,1,"2025-01-04 00:00:00,000",409,"324,33","73,3","Yes",7,960,"Yes"
961,109,2,1,"2024-06-21 00:00:00,000",122,"15,37","275,41","Yes",5,961,"Yes"
962,169,18,1,"2023-11-09 00:00:00,000",340,"61,39","401,32","Yes",1,962,"Yes"
967,150,13,1,"2024-07-26 00:00:00,000",471,"233,65","704,63","Yes",4,967,"Yes"
971,9,2,1,"2025-01-14 00:00:00,000",164,"39,7","560,84","Yes",6,971,"Yes"
973,66,10,1,"2023-08-19 00:00:00,000",471,"761,53","1232,88","Yes",3,973,"Yes"
977,117,1,1,"2023-12-02 00:00:00,000",339,"200,06","538,68","Yes",3,977,"Yes"
978,1,13,1,"2023-07-23 00:00:00,000",333,"327,45","660,18","Yes",3,978,"Yes"
979,64,17,1,"2024-02-01 00:00:00,000",431,"692,04","1123,17","Yes",6,979,"Yes"
982,58,1,1,"2024-11-29 00:00:00,000",47,"654,16","1119,56","Yes",2,982,"Yes"
986,31,8,1,"2024-12-28 00:00:00,000",136,"86,47","1000,44","Yes",5,986,"Yes"
993,182,2,1,"2023-12-02 00:00:00,000",164,"627,26","791,41","Yes",7,993,"Yes"
994,172,12,1,"2024-02-01 00:00:00,000",486,"568,37","105,4","Yes",5,994,"Yes"
14,143,8,1,"2023-08-31 00:00:00,000",255,"805,39","106,08","Yes",9,14,"No"
32,176,20,1,"2024-03-17 00:00:00,000",41,"574,61","982,91","Yes",9,32,"No"
44,196,6,1,"2025-05-22 00:00:00,000",147,"494,51","641,88","Yes",9,44,"No"
72,131,5,1,"2023-08-28 00:00:00,000",174,"794,21","968,52","Yes",9,72,"No"
94,24,10,2,"2024-09-21 00:00:00,000",386,"192,13","57,85","Yes",9,94,"No"
102,35,13,2,"2024-12-15 00:00:00,000",217,"950,39","1167,35","Yes",9,102,"No"
116,71,20,2,"2023-06-24 00:00:00,000",221,"605,44","826,85","Yes",9,116,"No"
134,2,16,2,"2024-08-10 00:00:00,000",129,"39,26","521,66","Yes",9,134,"No"
156,40,3,2,"2024-01-16 00:00:00,000",430,"119,12","549,11","Yes",9,156,"No"
160,50,12,2,"2025-05-14 00:00:00,000",258,"296,14","55,39","Yes",9,160,"No"
198,40,10,1,"2023-09-18 00:00:00,000",123,"936,04","1058,93","Yes",9,198,"No"
226,135,13,2,"2023-07-21 00:00:00,000",481,"470,47","950,98","Yes",9,226,"No"
228,77,10,1,"2023-07-05 00:00:00,000",361,"499,22","859,83","Yes",9,228,"No"
248,171,7,1,"2023-12-26 00:00:00,000",356,"60,39","960,05","Yes",9,248,"No"
256,96,13,2,"2024-01-22 00:00:00,000",441,"908,63","1349,96","Yes",9,256,"No"
266,135,11,2,"2024-12-08 00:00:00,000",234,"313,89","547,61","Yes",9,266,"No"
290,122,9,1,"2025-04-27 00:00:00,000",466,"690,74","1156,61","Yes",9,290,"No"
302,99,1,2,"2025-05-18 00:00:00,000",236,"783,59","101,98","Yes",9,302,"No"
314,97,3,2,"2024-09-02 00:00:00,000",496,"489,65","985,47","Yes",9,314,"No"
366,93,11,1,"2024-07-23 00:00:00,000",224,"842,19","1066,27","Yes",9,366,"No"
368,4,9,1,"2023-09-23 00:00:00,000",68,"79,26","147,18","Yes",9,368,"No"
382,147,12,1,"2025-01-26 00:00:00,000",276,"90,39","1179,82","Yes",9,382,"No"
386,188,18,1,"2024-09-01 00:00:00,000",118,"933,75","105,15","Yes",9,386,"No"
394,28,5,1,"2023-09-26 00:00:00,000",124,"476,73","60,07","Yes",9,394,"No"
406,99,5,2,"2023-11-16 00:00:00,000",140,"886,96","1026,72","Yes",9,406,"No"
438,59,18,1,"2023-10-01 00:00:00,000",428,"822,04","125,04","Yes",9,438,"No"
516,2,17,1,"2023-08-11 00:00:00,000",299,"444,15","74,31","Yes",9,516,"No"
520,155,17,2,"2024-12-12 00:00:00,000",429,"556,85","986,23","Yes",9,520,"No"
540,99,9,2,"2023-09-20 00:00:00,000",61,"526,53","587,65","Yes",9,540,"No"
608,64,10,1,"2024-12-12 00:00:00,000",230,"753,81","983,33","Yes",9,608,"No"
614,193,19,1,"2024-11-26 00:00:00,000",74,"803,28","877,65","Yes",9,614,"No"
622,46,14,2,"2024-03-05 00:00:00,000",111,"895,41","1005,92","Yes",9,622,"No"
648,180,20,2,"2024-06-24 00:00:00,000",135,"39,01","173,52","Yes",9,648,"No"
692,51,16,2,"2024-12-08 00:00:00,000",344,"212,18","555,69","Yes",9,692,"No"
710,155,11,2,"2024-04-19 00:00:00,000",294,"222,62","516,63","Yes",9,710,"No"
722,189,13,2,"2024-04-13 00:00:00,000",227,"940,36","1167,73","Yes",9,722,"No"
730,184,4,1,"2023-08-17 00:00:00,000",101,"460,41","561,78","Yes",9,730,"No"
736,21,20,1,"2024-07-11 00:00:00,000",160,"556,39","716,51","Yes",9,736,"No"
742,135,14,1,"2024-03-31 00:00:00,000",363,"619,81","982,93","Yes",9,742,"No"
768,158,12,2,"2025-04-18 00:00:00,000",200,"214,18","413,73","Yes",9,768,"No"
776,54,19,2,"2024-08-01 00:00:00,000",403,"446,65","849,59","Yes",9,776,"No"
784,76,2,2,"2023-07-14 00:00:00,000",455,"968,54","1424,02","Yes",9,784,"No"
910,27,7,1,"2024-03-15 00:00:00,000",277,"834,94","1111,46","Yes",9,910,"No"
1,30,9,1,"2023-08-02 00:00:00,000",311,"983,88","1295,15","Yes",10,1,"No"
2,112,12,2,"2023-11-04 00:00:00,000",246,"984,55","1230,93","Yes",10,2,"No"
38,84,6,2,"2025-05-26 00:00:00,000",145,"801,88","947,33","Yes",10,38,"No"
49,103,16,1,"2025-03-06 00:00:00,000",310,"692,72","1002,38","Yes",10,49,"No"
50,78,3,1,"2024-02-27 00:00:00,000",10,"769,15","872,45","Yes",10,50,"No"
55,74,10,2,"2024-08-01 00:00:00,000",82,"248,76","330,79","Yes",10,55,"No"
57,37,3,1,"2024-02-14 00:00:00,000",125,"321,46","446,13","Yes",10,57,"No"
71,107,16,2,"2023-10-08 00:00:00,000",160,"560,24","719,92","Yes",10,71,"No"
99,173,8,2,"2024-11-29 00:00:00,000",61,"886,55","947,81","Yes",10,99,"No"
110,45,4,1,"2024-03-17 00:00:00,000",109,"371,08","480,39","Yes",10,110,"No"
131,70,7,1,"2023-12-22 00:00:00,000",205,"128,67","33,4","Yes",10,131,"No"
142,46,16,2,"2024-12-08 00:00:00,000",39,"764,68","1154,18","Yes",10,142,"No"
151,17,11,1,"2023-10-08 00:00:00,000",301,"398,83","699,91","Yes",10,151,"No"
157,10,11,1,"2025-05-25 00:00:00,000",319,"171,17","489,93","Yes",10,157,"No"
185,9,5,1,"2025-05-04 00:00:00,000",16,"652,26","808,46","Yes",10,185,"No"
196,116,15,2,"2025-06-12 00:00:00,000",108,"832,47","940,22","Yes",10,196,"No"
214,142,10,1,"2023-12-17 00:00:00,000",224,"461,35","685,21","Yes",10,214,"No"
221,153,16,2,"2024-07-16 00:00:00,000",485,"787,25","1272,43","Yes",10,221,"No"
224,81,14,1,"2025-03-06 00:00:00,000",236,"219,81","455,64","Yes",10,224,"No"
275,26,16,2,"2024-09-21 00:00:00,000",461,"383,29","844,74","Yes",10,275,"No"
282,3,7,2,"2024-01-07 00:00:00,000",218,"625,48","843,42","Yes",10,282,"No"
289,145,4,1,"2025-02-24 00:00:00,000",153,"903,25","1056,64","Yes",10,289,"No"
294,129,12,1,"2024-04-15 00:00:00,000",94,"24,75","341,46","Yes",10,294,"No"
296,126,8,2,"2024-07-11 00:00:00,000",299,"387,92","686,79","Yes",10,296,"No"
307,85,15,2,"2025-03-15 00:00:00,000",244,"827,06","1070,84","Yes",10,307,"No"
310,84,13,2,"2025-06-03 00:00:00,000",417,"405,08","82,25","Yes",10,310,"No"
316,153,3,1,"2024-11-18 00:00:00,000",396,"664,45","1060,48","Yes",10,316,"No"
318,3,4,2,"2024-12-30 00:00:00,000",15,"751,92","901,82","Yes",10,318,"No"
325,60,13,1,"2024-08-15 00:00:00,000",134,"664,16","798,03","Yes",10,325,"No"
340,199,8,1,"2023-07-04 00:00:00,000",415,"596,17","1010,99","Yes",10,340,"No"
350,127,9,2,"2025-01-19 00:00:00,000",423,"35,1","773,75","Yes",10,350,"No"
362,81,5,1,"2024-02-20 00:00:00,000",175,"102,56","27,72","Yes",10,362,"No"
376,198,1,2,"2023-10-12 00:00:00,000",41,"286,54","699,74","Yes",10,376,"No"
377,161,3,2,"2025-04-15 00:00:00,000",255,"372,92","627,76","Yes",10,377,"No"
393,82,15,2,"2024-11-16 00:00:00,000",155,"944,68","1099,81","Yes",10,393,"No"
407,5,13,2,"2023-06-27 00:00:00,000",266,"785,81","1051,67","Yes",10,407,"No"
409,200,9,1,"2024-03-04 00:00:00,000",414,"482,25","896,14","Yes",10,409,"No"
419,164,16,2,"2025-04-26 00:00:00,000",128,"969,37","1097,76","Yes",10,419,"No"
437,39,4,1,"2024-06-17 00:00:00,000",351,"812,02","1162,68","Yes",10,437,"No"
444,180,20,2,"2024-07-25 00:00:00,000",101,"166,65","267,28","Yes",10,444,"No"
476,195,6,1,"2024-04-23 00:00:00,000",270,"76,83","1038,61","Yes",10,476,"No"
488,108,4,1,"2024-07-15 00:00:00,000",177,"789,06","966,28","Yes",10,488,"No"
509,88,12,1,"2025-02-20 00:00:00,000",417,"847,43","1264,89","Yes",10,509,"No"
514,49,11,1,"2025-02-13 00:00:00,000",391,"65,57","456,29","Yes",10,514,"No"
517,200,6,1,"2025-01-24 00:00:00,000",379,"145,81","524,53","Yes",10,517,"No"
522,182,6,2,"2023-09-04 00:00:00,000",370,"765,56","1135,22","Yes",10,522,"No"
533,120,5,1,"2024-01-08 00:00:00,000",119,"336,18","455,35","Yes",10,533,"No"
555,166,18,1,"2024-10-04 00:00:00,000",181,"86,02","266,81","Yes",10,555,"No"
556,125,11,2,"2023-08-19 00:00:00,000",11,"662,36","770,06","Yes",10,556,"No"
557,18,7,2,"2024-02-18 00:00:00,000",269,"341,78","610,42","Yes",10,557,"No"
564,140,18,2,"2024-03-11 00:00:00,000",344,"165,66","509,92","Yes",10,564,"No"
566,3,8,1,"2024-05-16 00:00:00,000",391,"157,56","54,83","Yes",10,566,"No"
582,134,17,2,"2024-09-22 00:00:00,000",422,"61,34","1035,33","Yes",10,582,"No"
585,124,13,2,"2023-10-01 00:00:00,000",315,"746,57","1061,64","Yes",10,585,"No"
595,121,20,2,"2025-05-04 00:00:00,000",90,"277,83","367,49","Yes",10,595,"No"
596,10,13,2,"2025-05-05 00:00:00,000",326,"530,59","856,87","Yes",10,596,"No"
598,74,7,1,"2023-11-27 00:00:00,000",403,"520,34","923,12","Yes",10,598,"No"
601,189,3,1,"2024-11-19 00:00:00,000",297,"731,62","1028,94","Yes",10,601,"No"
612,158,1,1,"2025-06-08 00:00:00,000",43,"383,77","815,37","Yes",10,612,"No"
619,54,14,2,"2025-01-02 00:00:00,000",214,"412,58","626,87","Yes",10,619,"No"
638,141,15,1,"2023-07-21 00:00:00,000",486,"703,67","1189,96","Yes",10,638,"No"
645,97,8,2,"2024-11-20 00:00:00,000",86,"632,82","718,46","Yes",10,645,"No"
675,135,8,1,"2024-12-01 00:00:00,000",301,"566,98","868,27","Yes",10,675,"No"
684,146,7,1,"2024-11-26 00:00:00,000",376,"797,05","1172,66","Yes",10,684,"No"
693,64,8,1,"2024-06-30 00:00:00,000",170,"441,46","611,28","Yes",10,693,"No"
694,23,4,2,"2024-08-26 00:00:00,000",241,"361,34","601,93","Yes",10,694,"No"
720,194,7,1,"2023-07-10 00:00:00,000",130,"955,61","108,53","Yes",10,720,"No"
721,126,11,2,"2025-05-24 00:00:00,000",449,"43,9","888,41","Yes",10,721,"No"
743,23,16,2,"2024-09-19 00:00:00,000",242,"850,84","1093,01","Yes",10,743,"No"
751,86,15,2,"2024-11-09 00:00:00,000",468,"7,49","542,41","Yes",10,751,"No"
763,198,15,1,"2023-11-06 00:00:00,000",173,"174,35","347,04","Yes",10,763,"No"
770,117,10,2,"2024-11-24 00:00:00,000",262,"94,85","1210,25","Yes",10,770,"No"
795,63,16,1,"2024-12-28 00:00:00,000",358,"548,41","906,24","Yes",10,795,"No"
800,65,5,2,"2025-01-23 00:00:00,000",174,"271,82","445,67","Yes",10,800,"No"
814,164,4,1,"2023-09-24 00:00:00,000",89,"612,59","701,46","Yes",10,814,"No"
831,168,17,2,"2023-07-23 00:00:00,000",473,"87,28","1345,84","Yes",10,831,"No"
832,60,3,1,"2023-09-21 00:00:00,000",381,"499,12","880,08","Yes",10,832,"No"
865,177,11,1,"2024-06-04 00:00:00,000",183,"757,83","94,13","Yes",10,865,"No"
925,143,2,1,"2023-12-06 00:00:00,000",198,"133,41","331,06","Yes",10,925,"No"
934,26,2,1,"2025-04-19 00:00:00,000",274,"46,21","320,37","Yes",10,934,"No"
970,38,12,2,"2024-03-26 00:00:00,000",372,"824,94","1196,99","Yes",10,970,"No"
981,51,3,2,"2025-01-29 00:00:00,000",215,"405,62","621,04","Yes",10,981,"No"
992,14,11,1,"2023-10-20 00:00:00,000",262,"367,22","629,14","Yes",10,992,"No"
3,49,9,1,"2024-11-30 00:00:00,000",369,"21,66","390,61","No",9,3,"No"
4,176,7,2,"2024-09-05 00:00:00,000",244,"94,99","1193,98","No",10,4,"No"
12,127,13,1,"2025-03-09 00:00:00,000",116,"693,87","810,28","No",2,12,"No"
16,115,6,2,"2025-05-13 00:00:00,000",253,"756,74","1009,27","No",5,16,"No"
20,16,7,2,"2024-12-07 00:00:00,000",225,"77,44","999,66","No",1,20,"No"
23,87,13,1,"2023-11-14 00:00:00,000",428,"921,15","1349,38","No",9,23,"No"
24,7,13,1,"2024-07-01 00:00:00,000",88,"440,04","527,82","No",3,24,"No"
33,110,12,1,"2025-01-17 00:00:00,000",278,"354,41","632,09","No",8,33,"No"
36,112,19,2,"2023-12-26 00:00:00,000",195,"260,59","455,63","No",5,36,"No"
51,58,17,2,"2023-10-25 00:00:00,000",253,"453,87","70,66","No",7,51,"No"
52,79,19,1,"2023-12-08 00:00:00,000",324,"745,29","1069,62","No",4,52,"No"
59,129,18,2,"2023-07-03 00:00:00,000",247,"606,08","853,07","No",6,59,"No"
60,155,9,1,"2023-10-22 00:00:00,000",9,"962,67","1053,77","No",10,60,"No"
64,85,14,2,"2024-09-05 00:00:00,000",18,"946,29","1125,99","No",9,64,"No"
65,10,15,1,"2025-03-05 00:00:00,000",192,"336,81","528,34","No",7,65,"No"
67,161,15,1,"2023-09-06 00:00:00,000",14,"558,24","699,84","No",8,67,"No"
69,80,18,1,"2024-06-02 00:00:00,000",299,"111,35","409,86","No",2,69,"No"
76,82,16,2,"2023-12-30 00:00:00,000",224,"670,42","894,16","No",3,76,"No"
77,127,2,1,"2024-08-28 00:00:00,000",276,"598,38","874,41","No",8,77,"No"
78,26,17,2,"2025-04-09 00:00:00,000",57,"161,27","218,18","No",3,78,"No"
80,173,18,2,"2023-12-04 00:00:00,000",479,"634,26","1113,62","No",8,80,"No"
87,120,10,1,"2025-03-19 00:00:00,000",83,"946,33","1029,57","No",5,87,"No"
88,164,14,2,"2023-12-10 00:00:00,000",256,"316,08","571,66","No",8,88,"No"
89,28,8,2,"2023-11-09 00:00:00,000",307,"583,32","890,69","No",5,89,"No"
91,156,16,2,"2024-10-28 00:00:00,000",399,"245,52","64,46","No",4,91,"No"
95,94,17,2,"2023-08-28 00:00:00,000",424,"271,83","695,54","No",8,95,"No"
98,117,12,2,"2023-10-30 00:00:00,000",313,"825,97","1139,02","No",2,98,"No"
103,108,19,1,"2025-03-12 00:00:00,000",448,"661,82","1110,26","No",10,103,"No"
107,165,20,1,"2025-04-03 00:00:00,000",73,"346,84","41,96","No",10,107,"No"
122,106,12,2,"2024-03-09 00:00:00,000",441,"726,64","1167,28","No",10,122,"No"
159,157,10,2,"2024-03-11 00:00:00,000",16,"254,39","409,69","No",8,159,"No"
163,196,6,2,"2025-02-22 00:00:00,000",252,"523,09","775,28","No",2,163,"No"
165,61,13,1,"2023-10-16 00:00:00,000",219,"47,62","266,33","No",6,165,"No"
189,181,15,1,"2024-03-01 00:00:00,000",498,"299,87","798,23","No",8,189,"No"
190,52,4,1,"2023-07-19 00:00:00,000",434,"46,3","896,77","No",8,190,"No"
195,135,14,2,"2024-09-26 00:00:00,000",42,"92,28","512,78","No",2,195,"No"
197,47,5,2,"2024-07-22 00:00:00,000",276,"870,85","1147,14","No",9,197,"No"
200,158,18,1,"2024-07-10 00:00:00,000",276,"185,26","461,42","No",3,200,"No"
201,44,20,2,"2024-05-26 00:00:00,000",429,"572,35","1001,49","No",1,201,"No"
207,69,15,1,"2024-06-21 00:00:00,000",113,"69,59","182,98","No",10,207,"No"
209,196,6,2,"2025-04-25 00:00:00,000",498,"477,48","975,67","No",8,209,"No"
212,74,18,1,"2023-07-04 00:00:00,000",431,"442,31","873,54","No",6,212,"No"
219,152,11,2,"2025-05-29 00:00:00,000",369,"313,79","682,72","No",6,219,"No"
225,121,2,1,"2024-04-10 00:00:00,000",283,"569,67","853,08","No",8,225,"No"
235,123,7,2,"2025-03-04 00:00:00,000",195,"652,98","847,51","No",2,235,"No"
236,167,19,1,"2024-05-11 00:00:00,000",291,"728,66","1019,48","No",3,236,"No"
238,10,1,2,"2025-04-11 00:00:00,000",306,"125,15","430,73","No",5,238,"No"
245,120,10,1,"2025-01-03 00:00:00,000",232,"512,47","744,91","No",5,245,"No"
246,177,4,2,"2024-08-23 00:00:00,000",215,"236,43","451,82","No",8,246,"No"
251,184,19,2,"2024-02-07 00:00:00,000",91,"520,17","611,09","No",8,251,"No"
259,59,8,2,"2024-06-10 00:00:00,000",206,"290,14","495,91","No",2,259,"No"
262,194,2,1,"2024-05-02 00:00:00,000",277,"303,48","580,23","No",10,262,"No"
263,82,19,2,"2023-12-22 00:00:00,000",157,"878,73","1035,34","No",9,263,"No"
267,122,8,1,"2024-01-20 00:00:00,000",185,"713,43","898,76","No",1,267,"No"
270,14,9,2,"2023-11-13 00:00:00,000",353,"610,86","964,01","No",4,270,"No"
272,55,7,1,"2024-10-11 00:00:00,000",39,"759,24","1145,34","No",10,272,"No"
274,120,18,2,"2024-01-11 00:00:00,000",189,"372,45","561,24","No",8,274,"No"
277,76,5,1,"2024-09-22 00:00:00,000",198,"392,24","590,68","No",8,277,"No"
280,165,2,1,"2024-04-15 00:00:00,000",428,"92,84","520,42","No",1,280,"No"
291,145,2,1,"2025-04-17 00:00:00,000",468,"328,19","796,13","No",10,291,"No"
306,28,5,2,"2024-05-16 00:00:00,000",53,"407,78","460,83","No",7,306,"No"
309,102,11,2,"2025-03-12 00:00:00,000",381,"640,24","1020,93","No",4,309,"No"
311,52,19,1,"2025-03-04 00:00:00,000",357,"55,91","915,87","No",8,311,"No"
315,178,14,1,"2024-03-24 00:00:00,000",406,"372,34","778,16","No",9,315,"No"
320,39,12,1,"2023-06-28 00:00:00,000",267,"309,52","576,77","No",2,320,"No"
341,162,14,1,"2023-12-17 00:00:00,000",327,"789,15","1116,42","No",1,341,"No"
342,146,12,2,"2023-12-29 00:00:00,000",319,"185,01","50,36","No",5,342,"No"
343,75,19,2,"2024-07-24 00:00:00,000",479,"524,13","1002,71","No",2,343,"No"
349,163,12,1,"2024-11-19 00:00:00,000",408,"409,76","817,82","No",4,349,"No"
351,125,11,1,"2023-08-04 00:00:00,000",71,"633,66","704,33","No",1,351,"No"
363,185,20,2,"2025-04-27 00:00:00,000",401,"696,67","1097,21","No",5,363,"No"
370,158,5,2,"2024-03-14 00:00:00,000",88,"97,44","185,06","No",3,370,"No"
387,89,1,2,"2024-05-27 00:00:00,000",51,"664,16","714,82","No",5,387,"No"
388,27,7,1,"2025-01-28 00:00:00,000",239,"961,96","1200,88","No",3,388,"No"
389,183,9,1,"2024-05-07 00:00:00,000",70,"246,84","31,66","No",7,389,"No"
397,92,13,1,"2023-11-14 00:00:00,000",355,"274,96","629,69","No",1,397,"No"
400,150,19,2,"2024-06-15 00:00:00,000",463,"93,49","556,33","No",4,400,"No"
401,166,15,1,"2025-02-07 00:00:00,000",91,"850,33","941,72","No",2,401,"No"
402,11,15,1,"2025-01-07 00:00:00,000",13,"582,41","708,01","No",7,402,"No"
411,196,8,2,"2025-05-27 00:00:00,000",210,"842,44","105,21","No",3,411,"No"
412,61,19,2,"2023-06-27 00:00:00,000",413,"703,67","1116,46","No",1,412,"No"
413,181,12,1,"2024-04-14 00:00:00,000",30,"204,47","507,87","No",8,413,"No"
417,199,4,2,"2024-06-23 00:00:00,000",482,"386,12","868,37","No",7,417,"No"
426,106,16,2,"2025-05-24 00:00:00,000",208,"387,84","595,89","No",10,426,"No"
439,176,16,1,"2023-08-12 00:00:00,000",264,"97,38","36,17","No",1,439,"No"
442,161,5,2,"2023-12-12 00:00:00,000",194,"732,56","926,45","No",2,442,"No"
449,6,11,2,"2025-05-23 00:00:00,000",190,"845,99","1035,92","No",2,449,"No"
450,59,5,2,"2025-06-02 00:00:00,000",49,"454,25","942,65","No",5,450,"No"
451,187,14,1,"2024-02-13 00:00:00,000",135,"227,16","361,73","No",8,451,"No"
453,182,17,2,"2024-09-27 00:00:00,000",111,"854,27","965,31","No",1,453,"No"
462,120,10,2,"2023-07-29 00:00:00,000",313,"2,72","340,22","No",6,462,"No"
464,164,11,2,"2024-12-06 00:00:00,000",168,"716,87","884,39","No",5,464,"No"
465,49,5,1,"2024-04-01 00:00:00,000",455,"809,32","1264,18","No",10,465,"No"
466,104,11,1,"2025-03-18 00:00:00,000",375,"662,29","1036,87","No",5,466,"No"
467,108,13,2,"2024-02-01 00:00:00,000",382,"591,36","972,89","No",4,467,"No"
471,108,11,2,"2025-04-19 00:00:00,000",167,"308,17","475,42","No",8,471,"No"
495,113,20,2,"2023-11-12 00:00:00,000",445,"111,09","55,64","No",3,495,"No"
497,108,6,1,"2024-10-15 00:00:00,000",110,"731,88","841,51","No",3,497,"No"
505,13,17,1,"2024-10-19 00:00:00,000",298,"391,06","688,78","No",2,505,"No"
512,96,4,1,"2024-08-28 00:00:00,000",454,"502,57","956,16","No",7,512,"No"
528,178,2,2,"2024-12-23 00:00:00,000",22,"957,57","1181,97","No",6,528,"No"
529,142,2,1,"2024-05-18 00:00:00,000",385,"219,03","603,68","No",8,529,"No"
538,193,1,1,"2024-07-28 00:00:00,000",351,"456,75","807,77","No",10,538,"No"
539,160,8,1,"2024-01-19 00:00:00,000",357,"334,52","691,67","No",2,539,"No"
543,54,7,2,"2023-07-26 00:00:00,000",426,"221,47","647,52","No",7,543,"No"
553,55,14,1,"2023-09-22 00:00:00,000",122,"236,37","35,88","No",4,553,"No"
554,30,6,1,"2025-01-31 00:00:00,000",433,"933,72","1366,84","No",8,554,"No"
562,51,9,1,"2023-06-25 00:00:00,000",377,"894,26","127,16","No",1,562,"No"
574,55,5,1,"2024-12-09 00:00:00,000",121,"609,98","730,79","No",4,574,"No"
578,133,13,1,"2024-09-23 00:00:00,000",445,"733,41","1178,74","No",2,578,"No"
579,56,15,2,"2024-08-28 00:00:00,000",440,"187,16","627,45","No",10,579,"No"
583,154,2,1,"2023-08-15 00:00:00,000",92,"66,62","758,14","No",9,583,"No"
586,26,14,1,"2025-06-12 00:00:00,000",165,"770,54","935,07","No",2,586,"No"
594,158,2,1,"2024-07-11 00:00:00,000",23,"643,16","868,26","No",3,594,"No"
604,76,11,1,"2025-03-30 00:00:00,000",411,"957,58","136,89","No",10,604,"No"
611,64,20,2,"2025-06-14 00:00:00,000",12,"124,56","244,76","No",8,611,"No"
620,34,19,1,"2024-10-17 00:00:00,000",416,"72,64","1142,79","No",9,620,"No"
624,26,6,1,"2024-07-03 00:00:00,000",147,"26,92","416,16","No",2,624,"No"
625,116,11,2,"2024-11-14 00:00:00,000",212,"569,14","781,57","No",5,625,"No"
626,89,1,2,"2025-01-26 00:00:00,000",105,"870,02","974,58","No",4,626,"No"
629,43,11,2,"2024-10-30 00:00:00,000",334,"58,02","914,27","No",2,629,"No"
631,155,13,2,"2023-07-01 00:00:00,000",449,"785,35","1234,81","No",10,631,"No"
634,141,2,1,"2025-05-08 00:00:00,000",397,"53,35","930,42","No",2,634,"No"
636,64,10,2,"2023-06-26 00:00:00,000",332,"148,65","480,57","No",1,636,"No"
637,9,12,2,"2023-08-09 00:00:00,000",439,"477,85","916,76","No",5,637,"No"
641,40,10,1,"2023-08-26 00:00:00,000",50,"819,07","869,11","No",6,641,"No"
651,96,15,1,"2024-07-20 00:00:00,000",199,"846,68","1045,29","No",1,651,"No"
652,69,13,1,"2025-02-11 00:00:00,000",294,"197,97","492,41","No",5,652,"No"
661,92,5,1,"2024-03-29 00:00:00,000",107,"248,02","354,64","No",6,661,"No"
664,90,11,2,"2023-07-14 00:00:00,000",17,"834,72","1008,62","No",9,664,"No"
667,199,20,1,"2025-03-22 00:00:00,000",194,"82,07","276,38","No",7,667,"No"
673,95,2,2,"2024-11-17 00:00:00,000",288,"739,61","1027,67","No",2,673,"No"
677,130,11,1,"2025-01-16 00:00:00,000",290,"607,92","898,18","No",6,677,"No"
678,141,11,2,"2023-12-26 00:00:00,000",236,"640,58","876,13","No",6,678,"No"
686,198,11,2,"2024-07-05 00:00:00,000",446,"445,62","891,53","No",2,686,"No"
695,168,1,2,"2023-12-15 00:00:00,000",126,"362,72","488,88","No",8,695,"No"
702,168,1,1,"2023-07-31 00:00:00,000",225,"285,88","510,77","No",6,702,"No"
707,129,9,1,"2023-10-17 00:00:00,000",332,"88,11","1212,71","No",1,707,"No"
712,111,5,1,"2024-03-10 00:00:00,000",193,"566,19","759,06","No",2,712,"No"
713,48,11,1,"2024-06-10 00:00:00,000",377,"770,13","1147,32","No",7,713,"No"
715,39,7,1,"2025-06-03 00:00:00,000",11,"45,67","154,87","No",10,715,"No"
725,49,10,2,"2024-04-26 00:00:00,000",229,"318,46","547,58","No",8,725,"No"
733,79,10,2,"2024-12-29 00:00:00,000",180,"197,08","377,03","No",4,733,"No"
741,141,3,2,"2024-06-02 00:00:00,000",262,"139,58","401,45","No",6,741,"No"
749,186,19,1,"2024-07-04 00:00:00,000",424,"210,14","634,56","No",8,749,"No"
750,122,2,1,"2025-02-10 00:00:00,000",267,"634,66","901,33","No",9,750,"No"
755,181,11,1,"2023-07-18 00:00:00,000",172,"105,06","277,23","No",6,755,"No"
765,181,10,1,"2023-12-18 00:00:00,000",127,"325,15","452,22","No",9,765,"No"
767,14,3,2,"2024-11-30 00:00:00,000",226,"710,58","936,94","No",8,767,"No"
777,178,8,1,"2024-11-26 00:00:00,000",348,"96,34","444,52","No",10,777,"No"
779,104,3,1,"2024-12-12 00:00:00,000",358,"604,48","962,96","No",6,779,"No"
794,187,17,2,"2025-02-28 00:00:00,000",259,"96,67","355,89","No",2,794,"No"
797,108,12,2,"2023-09-10 00:00:00,000",180,"54,62","234,76","No",5,797,"No"
806,60,13,2,"2024-07-22 00:00:00,000",264,"162,25","425,82","No",1,806,"No"
808,25,18,2,"2025-06-16 00:00:00,000",480,"443,15","923,43","No",5,808,"No"
810,198,8,1,"2023-08-06 00:00:00,000",284,"684,16","968,14","No",6,810,"No"
813,159,3,1,"2024-12-18 00:00:00,000",472,"663,47","113,58","No",10,813,"No"
815,48,4,1,"2023-11-22 00:00:00,000",16,"477,62","641,62","No",8,815,"No"
817,98,13,2,"2025-01-06 00:00:00,000",498,"273,07","771,25","No",3,817,"No"
819,28,5,2,"2024-06-30 00:00:00,000",148,"650,47","798,74","No",5,819,"No"
823,104,3,1,"2024-05-27 00:00:00,000",51,"955,07","1006,56","No",8,823,"No"
833,12,8,1,"2025-02-18 00:00:00,000",56,"640,01","696,47","No",2,833,"No"
834,117,20,1,"2023-08-30 00:00:00,000",426,"82,68","508,59","No",2,834,"No"
849,61,15,2,"2024-10-23 00:00:00,000",239,"752,15","990,73","No",4,849,"No"
851,97,8,1,"2023-08-09 00:00:00,000",262,"494,72","756,67","No",3,851,"No"
860,9,14,2,"2024-01-05 00:00:00,000",266,"802,06","1067,73","No",8,860,"No"
866,139,19,1,"2024-04-21 00:00:00,000",404,"99,34","50,38","No",1,866,"No"
875,134,1,2,"2023-10-13 00:00:00,000",237,"688,76","92,62","No",8,875,"No"
878,125,19,2,"2024-06-21 00:00:00,000",26,"575,91","832,01","No",5,878,"No"
880,38,12,2,"2024-04-06 00:00:00,000",255,"183,04","438,21","No",9,880,"No"
886,130,11,2,"2024-09-10 00:00:00,000",263,"304,03","567,29","No",10,886,"No"
888,36,18,1,"2023-07-27 00:00:00,000",189,"41,36","602,24","No",8,888,"No"
893,4,10,2,"2023-08-15 00:00:00,000",208,"977,97","1186,08","No",2,893,"No"
894,56,15,2,"2024-10-13 00:00:00,000",412,"302,86","714,52","No",7,894,"No"
898,52,6,2,"2025-05-28 00:00:00,000",180,"500,77","681,03","No",5,898,"No"
902,127,3,2,"2025-01-27 00:00:00,000",311,"574,26","885,74","No",8,902,"No"
903,178,4,2,"2023-12-12 00:00:00,000",281,"583,76","86,44","No",3,903,"No"
909,133,10,2,"2024-05-16 00:00:00,000",400,"423,75","824,21","No",3,909,"No"
912,5,16,2,"2024-11-17 00:00:00,000",190,"375,32","565,53","No",10,912,"No"
913,134,11,1,"2024-08-24 00:00:00,000",369,"48,18","417,63","No",4,913,"No"
914,33,5,1,"2023-09-19 00:00:00,000",188,"225,64","413,98","No",7,914,"No"
918,48,12,1,"2023-11-16 00:00:00,000",91,"848,94","939,79","No",10,918,"No"
926,189,10,2,"2024-07-20 00:00:00,000",152,"419,14","570,78","No",7,926,"No"
933,28,4,2,"2025-02-01 00:00:00,000",27,"246,21","516,41","No",1,933,"No"
941,144,6,1,"2024-11-17 00:00:00,000",226,"50,48","730,92","No",10,941,"No"
949,128,17,2,"2024-02-23 00:00:00,000",125,"313,53","438,51","No",4,949,"No"
950,128,3,1,"2025-04-17 00:00:00,000",179,"66,58","245,89","No",7,950,"No"
954,160,17,2,"2024-02-14 00:00:00,000",35,"556,61","908,81","No",9,954,"No"
963,15,3,2,"2023-07-09 00:00:00,000",321,"869,83","1190,55","No",7,963,"No"
965,147,17,1,"2023-11-25 00:00:00,000",285,"83,24","1117,28","No",9,965,"No"
966,65,16,1,"2025-05-24 00:00:00,000",157,"139,83","296,96","No",6,966,"No"
972,176,4,1,"2024-02-18 00:00:00,000",436,"40,07","836,64","No",7,972,"No"
975,121,14,2,"2023-11-22 00:00:00,000",373,"879,23","1252,05","No",3,975,"No"
976,179,9,1,"2025-02-10 00:00:00,000",208,"610,07","818,41","No",6,976,"No"
980,116,16,1,"2024-11-30 00:00:00,000",167,"693,72","861,03","No",5,980,"No"
984,154,9,1,"2025-01-30 00:00:00,000",90,"380,56","470,64","No",2,984,"No"
985,4,17,2,"2024-08-06 00:00:00,000",398,"929,72","1327,73","No",8,985,"No"
997,128,9,2,"2023-12-25 00:00:00,000",467,"297,27","764,08","No",10,997,"No"
1000,121,9,1,"2023-09-02 00:00:00,000",368,"44,77","815,38","No",8,1000,"No"
